{ "_id" : { "$oid" : "54938bd511153af26945f822" }, "createdAt" : { "$date" : "2014-12-19T10:22:13.628+0800" }, "updatedAt" : { "$date" : "2014-12-19T10:22:13.628+0800" }, "activity" : "548ec5d708d4718e7d771bc8", "user(uz*R*id)" : "548fd6bc72c60e937d21c8f2" }
{ "_id" : { "$oid" : "549d1de62a29874f4d7172b5" }, "createdAt" : { "$date" : "2014-12-26T16:35:50.458+0800" }, "updatedAt" : { "$date" : "2014-12-26T16:35:50.458+0800" }, "activity" : "548ec48e40d50f927d2fcf47", "user(uz*R*id)" : "549d1dcee103c74a4d1151fd" }
{ "_id" : { "$oid" : "549d1de69ee12d4d4df90a9b" }, "createdAt" : { "$date" : "2014-12-26T16:35:50.207+0800" }, "updatedAt" : { "$date" : "2014-12-26T16:35:50.207+0800" }, "activity" : "548ec48e40d50f927d2fcf47", "user(uz*R*id)" : "549d1dcee103c74a4d1151fd" }
