{ "_id" : { "$oid" : "548ec48e40d50f927d2fcf47" }, "title" : "皇城相府", "address" : "阳城县 北留镇皇城村(近晋阳高速)", "summary" : "皇城相府（国家AAAAA级景区），皇城相府（又称午亭山村）总面积3.6万平方米，位于山西省晋城市阳城县北留镇。", "intro" : "皇城相府（国家AAAAA级景区），皇城相府（又称午亭山村）总面积3.6万平方米，位于山西省晋城市阳城县北留镇。是清文渊阁大学士兼吏部尚书加三级、《康熙字典》总阅官、康熙皇帝35年经筵讲师陈廷敬的故居。其建筑依山就势，随形生变，官宅民居，鳞次栉比，是一组别具特色的明清城堡式官宅建筑群，体现了明代汉族建筑风格和规划思想。“绿树村边合、青山郭外斜”，皇城相府不仅是一幅古代“自然山水画”、更是一座具有强烈人文精神的东方古城堡。", "img" : { "url" : "http://file.apicloud.com/mcm/A6963171435927/4ec175318d488fa72cc5d2d234fe0b0a.jpg", "name" : "1.jpg", "id" : "548ec4b640d50f927d2fcf48" }, "actDate" : "2014/09/10", "createdAt" : { "$date" : "2014-12-15T19:22:54.720+0800" }, "updatedAt" : { "$date" : "2014-12-19T10:18:40.342+0800" }, "actFav(uz*R*id)" : null, "newsFav(uz*R*id)" : null, "tabBar(uz*R*id)" : "548ec1e708d4718e7d771bbe", "city" : "549147e64840b21933c434a6", "type" : "5493885211153af26945f6db", "pics" : "http://file.apicloud.com/mcm/A6965864070945/ae718545b0d01c4ef079a6fb7fc5801b.jpg,http://file.apicloud.com/mcm/A6965864070945/78d81f90c9c9c1992d87ddae0f5495be.jpg,http://file.apicloud.com/mcm/A6965864070945/7478867088df14b48f403c3ee5bec4d5.jpg,http://file.apicloud.com/mcm/A6965864070945/5c7d9d56909f64432a0eace173f5879f.jpg,http://file.apicloud.com/mcm/A6965864070945/c4477ce7374f53ea02826d8c8d2f276e.jpg", "category" : "4" }
{ "_id" : { "$oid" : "548ec5d708d4718e7d771bc8" }, "title" : "凤台棋牌室", "address" : "城区 太行路1149号 ", "summary" : "棋牌室，是供人进行棋牌游戏的场所，是比较大众化的休闲娱乐场所。棋牌室根据不同的级别有多种形式开放例如麻将馆、棋社等等。", "intro" : "棋牌室，是供人进行棋牌游戏的场所，是比较大众化的休闲娱乐场所。棋牌室根据不同的级别有多种形式开放例如麻将馆、棋社等等。棋牌室多为盈利性，也有少数公益性的或者企业集团自有，目前国内也存在着非法经营的类似赌场的棋牌室。", "img" : { "url" : "http://file.apicloud.com/mcm/A6963171435927/4086c9224f1e4851683c1c42d2a9b7ec.jpg", "name" : "3.jpg", "id" : "548ec5f6a4bfd2907d1eab14" }, "actDate" : "2014/09/10", "createdAt" : { "$date" : "2014-12-15T19:28:23.796+0800" }, "updatedAt" : { "$date" : "2014-12-19T10:18:38.378+0800" }, "actFav(uz*R*id)" : null, "newsFav(uz*R*id)" : null, "tabBar(uz*R*id)" : "548ec1e708d4718e7d771bbe", "city" : "549147e64840b21933c434a6", "type" : "5493885211153af26945f6db", "pics" : "http://file.apicloud.com/mcm/A6965864070945/a811dd9cd54ab0c7497c7e5c47464789.jpg,http://file.apicloud.com/mcm/A6965864070945/1712292203702500f2f71723b4308d7c.jpg", "category" : "4" }
{ "_id" : { "$oid" : "548ec68108d4718e7d771bca" }, "title" : "郭峪金圪坨农家乐22号", "address" : "阳城县 晋阳高速北留出口两公里郭峪小区 ", "summary" : "农家乐是新兴的旅游休闲形式，是农民向城市现代人提供的一种回归自然从而获得身心放松、愉悦精神的休闲旅游方式。", "intro" : "农家乐是新兴的旅游休闲形式，是农民向城市现代人提供的一种回归自然从而获得身心放松、愉悦精神的休闲旅游方式。一般来说，农家乐的业主利用当地的农产品进行加工，满足客人的需要，成本较低，因此消费就不高。", "img" : { "url" : "http://file.apicloud.com/mcm/A6963171435927/3ae199d550e5fd125949995a270b636c.jpg", "name" : "2.jpg", "id" : "548ec6a208d4718e7d771bcb" }, "actDate" : "2014/09/10", "createdAt" : { "$date" : "2014-12-15T19:31:13.811+0800" }, "updatedAt" : { "$date" : "2014-12-19T10:18:29.960+0800" }, "actFav(uz*R*id)" : null, "newsFav(uz*R*id)" : null, "tabBar(uz*R*id)" : "548ec1e708d4718e7d771bbe", "city" : "549147f54840b21933c434a7", "type" : "549388898fbf84ed69b42134", "pics" : "http://file.apicloud.com/mcm/A6965864070945/7d0aa13cbd52e2c9a990477db1567788.jpg,http://file.apicloud.com/mcm/A6965864070945/d9e700cdbea077a1193c7d3f55882268.jpg", "category" : "4" }
{ "_id" : { "$oid" : "548ec6fe72c60e937d21c8db" }, "title" : "南山湖国际酒店", "address" : "高平市 马村工业园区(近维高水泥)", "summary" : "山西南山湖国际酒店位于国家经济综合开发示范镇，中国最具投资潜力乡镇——高平市马村镇。", "intro" : "山西南山湖国际酒店是由晋城湖滨集团投资兴建，全权由湖滨集团自主经营进行管理的集会议、休闲、度假为一体的综合型酒店。酒店共分A、B、C三座，主体设施为A、B座，附属为C座，酒店A、B座为主营业区，设有豪各类房型百余间（套）；C座设有桑拿客房三十余间。所有房间提供免费宽带上网和多种语言国际卫星电视节目。", "img" : { "url" : "http://file.apicloud.com/mcm/A6963171435927/77d4d1f7390bad7376c574ff635d0e93.jpg", "name" : "11.jpg", "id" : "548ec75440d50f927d2fcf4a" }, "actDate" : "2014/09/10", "createdAt" : { "$date" : "2014-12-15T19:33:18.844+0800" }, "updatedAt" : { "$date" : "2014-12-19T10:18:26.533+0800" }, "actFav(uz*R*id)" : null, "newsFav(uz*R*id)" : null, "tabBar(uz*R*id)" : "548ec1e708d4718e7d771bbe", "city" : "549147f54840b21933c434a7", "type" : "549388898fbf84ed69b42134", "pics" : "http://file.apicloud.com/mcm/A6965864070945/658c165ddfeda4bd9869b041f023e079.jpg,http://file.apicloud.com/mcm/A6965864070945/ba522964e1ac3fb8aee5a69f06654032.jpg,http://file.apicloud.com/mcm/A6965864070945/68f32d98ce7238437eca3968d8f6b09a.jpg,http://file.apicloud.com/mcm/A6965864070945/9c7aede8e3c4daf18a0d3801b2671e9d.jpg", "category" : "4" }
{ "_id" : { "$oid" : "5493aff8a4bec1ef696c6d5b" }, "title" : "星美数字影院", "address" : "金阳街 （近美特好超市） ", "summary" : "金阳街 （近美特好超市） ", "intro" : "金阳街 （近美特好超市） ", "img" : { "url" : "http://file.apicloud.com/mcm/A6963171435927/f28d47354cc7e8c2c1fd54aee1500c60.jpg", "name" : "40.jpg", "id" : "5493b3ab359e80f06990321b" }, "actDate" : "2014/09/10", "pics" : "http://file.apicloud.com/mcm/A6963171435927/f28d47354cc7e8c2c1fd54aee1500c60.jpg,http://file.apicloud.com/mcm/A6963171435927/6b71bea733cea10ac099e8d9cfdc5dcd.jpg", "category" : "4", "createdAt" : { "$date" : "2014-12-19T12:56:24.115+0800" }, "updatedAt" : { "$date" : "2014-12-19T13:13:17.271+0800" }, "tabBar(uz*R*id)" : "548ec1e708d4718e7d771bbe", "city" : "549147e64840b21933c434a6", "type" : "5493885211153af26945f6db" }
{ "_id" : { "$oid" : "5493b17c11153af2694607ce" }, "title" : "雕刻时光音乐酒吧 ", "address" : "泽州路与红星西街交接国贸一层17号 （近国贸一层嘉域影城入口） ", "summary" : "营业时间 每天 14: 00 -- 2: 00 ", "intro" : "营业时间 每天 14: 00 -- 2: 00 ", "img" : { "url" : "http://file.apicloud.com/mcm/A6963171435927/386ef63fcb7e83226fbb1db468250d38.jpg", "name" : "38.jpg", "id" : "5493b2c78fbf84ed69b4331e" }, "actDate" : "2014/09/10", "pics" : "http://file.apicloud.com/mcm/A6963171435927/386ef63fcb7e83226fbb1db468250d38.jpg,http://file.apicloud.com/mcm/A6963171435927/b5e40f27a3e5d0083289be0aea95fd0f.jpg", "category" : "4", "createdAt" : { "$date" : "2014-12-19T13:02:52.637+0800" }, "updatedAt" : { "$date" : "2014-12-19T13:10:01.764+0800" }, "tabBar(uz*R*id)" : "548ec1e708d4718e7d771bbe", "city" : "549147f54840b21933c434a7", "type" : "549388898fbf84ed69b42134" }
{ "_id" : { "$oid" : "5493b4218fbf84ed69b433ad" }, "title" : "黄山翡翠谷门票", "address" : "黄山风景区汤口镇山岔村", "summary" : "仅售50元，价值90元黄山翡翠谷门票1张！心旷神怡，贴近自然，品味和谐！", "intro" : "仅售50元，价值90元黄山翡翠谷门票1张！心旷神怡，贴近自然，品味和谐！", "img" : { "url" : "http://file.apicloud.com/mcm/A6963171435927/ca876f111cd97b5fab594fc6b376f58e.jpg", "name" : "42.jpg", "id" : "5493b45b8fbf84ed69b433c5" }, "actDate" : "2014/09/10", "pics" : "http://file.apicloud.com/mcm/A6963171435927/ca876f111cd97b5fab594fc6b376f58e.jpg", "category" : "4", "createdAt" : { "$date" : "2014-12-19T13:14:09.021+0800" }, "updatedAt" : { "$date" : "2014-12-19T13:15:26.082+0800" }, "tabBar(uz*R*id)" : null, "city" : "549147f54840b21933c434a7", "type" : "549388898fbf84ed69b42134" }
{ "_id" : { "$oid" : "5493b57ba4bec1ef696c6f82" }, "title" : "万龙滑雪场", "address" : "崇礼县红花梁", "summary" : "仅售901元，价值1060元2014万龙滑雪场平日周末单人1.5天滑雪票（含板）！", "intro" : "仅售901元，价值1060元2014万龙滑雪场平日周末单人1.5天滑雪票（含板）！", "img" : { "url" : "http://file.apicloud.com/mcm/A6963171435927/e13a7768b9ca4bbeb9513b539edce000.jpg", "name" : "43.jpg", "id" : "5493b5b58fbf84ed69b43455" }, "actDate" : "2014/09/10", "pics" : "http://file.apicloud.com/mcm/A6963171435927/e13a7768b9ca4bbeb9513b539edce000.jpg", "category" : "4", "createdAt" : { "$date" : "2014-12-19T13:19:55.657+0800" }, "updatedAt" : { "$date" : "2014-12-19T13:21:19.358+0800" }, "tabBar(uz*R*id)" : null, "city" : "549147e64840b21933c434a6", "type" : "549388898fbf84ed69b42134" }
{ "_id" : { "$oid" : "5493b60011153af2694609b6" }, "title" : "今日风养生会所", "address" : "翠微大厦西门工商银行路口", "summary" : "仅售69元，价值146元精油开背+拔罐套餐，免费WiFi，免费停车位！", "intro" : "仅售69元，价值146元精油开背+拔罐套餐，免费WiFi，免费停车位！", "img" : { "url" : "http://file.apicloud.com/mcm/A6963171435927/0ff2b92cfeee4ffa2c8872c1a3fbbcd4.jpg", "name" : "44.jpg", "id" : "5493b62211153af2694609c9" }, "actDate" : "2014/09/10", "pics" : "http://file.apicloud.com/mcm/A6963171435927/0ff2b92cfeee4ffa2c8872c1a3fbbcd4.jpg", "category" : "4", "createdAt" : { "$date" : "2014-12-19T13:22:08.504+0800" }, "updatedAt" : { "$date" : "2014-12-19T13:23:14.606+0800" }, "tabBar(uz*R*id)" : null, "city" : "549147f54840b21933c434a7", "type" : "549388898fbf84ed69b42134" }
{ "_id" : { "$oid" : "5493b65911153af2694609e3" }, "title" : "珠海长隆海洋王国", "address" : "棠安路146号2008室", "summary" : "仅售300元，价值350元珠海长隆海洋王国门票1张！儿童免费！", "intro" : "仅售300元，价值350元珠海长隆海洋王国门票1张！儿童免费！", "img" : { "url" : "http://file.apicloud.com/mcm/A6963171435927/81feed9d37ad9b76664ad7a18ff3e65f.jpg", "name" : "45.jpg", "id" : "5493b680359e80f069903306" }, "actDate" : "2014/09/10", "pics" : "http://file.apicloud.com/mcm/A6963171435927/81feed9d37ad9b76664ad7a18ff3e65f.jpg", "category" : "4", "createdAt" : { "$date" : "2014-12-19T13:23:37.582+0800" }, "updatedAt" : { "$date" : "2014-12-23T19:12:46.441+0800" }, "tabBar(uz*R*id)" : null, "city" : "549147f54840b21933c434a7", "type" : "5493885211153af26945f6db" }
