{ "_id" : { "$oid" : "548ec33ba4bfd2907d1eab12" }, "img" : { "url" : "http://file.apicloud.com/mcm/A6963171435927/4ec175318d488fa72cc5d2d234fe0b0a.jpg", "name" : "1.jpg", "id" : "548ec33a08d4718e7d771bc2" }, "name" : "皇城相府", "createdAt" : { "$date" : "2014-12-15T19:17:15.146+0800" }, "updatedAt" : { "$date" : "2014-12-15T19:17:32.930+0800" }, "newsFav(uz*R*id)" : null, "tabBar(uz*R*id)" : "548ec1e708d4718e7d771bbe" }
{ "_id" : { "$oid" : "548ec36040d50f927d2fcf45" }, "img" : { "url" : "http://file.apicloud.com/mcm/A6963171435927/3ae199d550e5fd125949995a270b636c.jpg", "name" : "2.jpg", "id" : "548ec35f08d4718e7d771bc3" }, "name" : "凤台棋牌室", "createdAt" : { "$date" : "2014-12-15T19:17:52.017+0800" }, "updatedAt" : { "$date" : "2014-12-15T19:17:58.943+0800" }, "newsFav(uz*R*id)" : null, "tabBar(uz*R*id)" : "548ec1e708d4718e7d771bbe" }
{ "_id" : { "$oid" : "548ec36ea4bfd2907d1eab13" }, "img" : { "url" : "http://file.apicloud.com/mcm/A6963171435927/4086c9224f1e4851683c1c42d2a9b7ec.jpg", "name" : "3.jpg", "id" : "548ec36e72c60e937d21c8d2" }, "name" : "郭峪金圪坨农家乐22号", "createdAt" : { "$date" : "2014-12-15T19:18:06.379+0800" }, "updatedAt" : { "$date" : "2014-12-15T19:18:12.861+0800" }, "newsFav(uz*R*id)" : null, "tabBar(uz*R*id)" : "548ec1e708d4718e7d771bbe" }
{ "_id" : { "$oid" : "548ec3f072c60e937d21c8d4" }, "img" : { "url" : "http://file.apicloud.com/mcm/A6963171435927/910516ed4d313d6492a253ba336bc687.jpg", "name" : "4.jpg", "id" : "548ec3f072c60e937d21c8d3" }, "name" : "iOS 8系统正式版升级指南", "createdAt" : { "$date" : "2014-12-15T19:20:16.844+0800" }, "updatedAt" : { "$date" : "2014-12-15T19:20:32.397+0800" }, "newsFav(uz*R*id)" : null, "tabBar(uz*R*id)" : "548ec1f272c60e937d21c8cf" }
{ "_id" : { "$oid" : "548ec41808d4718e7d771bc4" }, "img" : { "url" : "http://file.apicloud.com/mcm/A6963171435927/dc0ca7ac05b4f1a19831a3b1fed8b831.jpg", "name" : "5.jpg", "id" : "548ec43172c60e937d21c8d6" }, "name" : "详解中超后6轮保级战", "createdAt" : { "$date" : "2014-12-15T19:20:56.678+0800" }, "updatedAt" : { "$date" : "2014-12-15T19:21:22.226+0800" }, "newsFav(uz*R*id)" : null, "tabBar(uz*R*id)" : "548ec1f272c60e937d21c8cf" }
{ "_id" : { "$oid" : "548ec43440d50f927d2fcf46" }, "img" : { "url" : "http://file.apicloud.com/mcm/A6963171435927/76e1f70be6e60a2bae40a53a626d1f23.jpg", "name" : "6.jpg", "id" : "548ec43408d4718e7d771bc5" }, "name" : "朝鲜代表团抵仁川美女多", "createdAt" : { "$date" : "2014-12-15T19:21:24.931+0800" }, "updatedAt" : { "$date" : "2014-12-15T19:21:29.948+0800" }, "newsFav(uz*R*id)" : null, "tabBar(uz*R*id)" : "548ec1f272c60e937d21c8cf" }
