{ "_id" : { "$oid" : "548ec2d908d4718e7d771bc0" }, "createdAt" : { "$date" : "2014-12-15T19:15:37.073+0800" }, "updatedAt" : { "$date" : "2014-12-15T19:15:37.073+0800" }, "url" : "http://file.apicloud.com/mcm/A6963171435927/4ec175318d488fa72cc5d2d234fe0b0a.jpg", "name" : "1.jpg", "type" : "image/jpeg", "size" : 19584, "activity(uz*R*id)" : null, "filename" : "1.jpg", "lastModifiedDate" : "Mon Dec 15 2014 19:19:46 GMT+0800 (CST)" }
{ "_id" : { "$oid" : "548ec2e9a4bfd2907d1eab10" }, "createdAt" : { "$date" : "2014-12-15T19:15:53.436+0800" }, "updatedAt" : { "$date" : "2014-12-15T19:15:53.436+0800" }, "url" : "http://file.apicloud.com/mcm/A6963171435927/3ae199d550e5fd125949995a270b636c.jpg", "name" : "2.jpg", "type" : "image/jpeg", "size" : 19660, "activity(uz*R*id)" : null, "filename" : "2.jpg", "lastModifiedDate" : "Mon Dec 15 2014 19:20:39 GMT+0800 (CST)" }
{ "_id" : { "$oid" : "548ec2f908d4718e7d771bc1" }, "createdAt" : { "$date" : "2014-12-15T19:16:09.349+0800" }, "updatedAt" : { "$date" : "2014-12-15T19:16:09.349+0800" }, "url" : "http://file.apicloud.com/mcm/A6963171435927/4086c9224f1e4851683c1c42d2a9b7ec.jpg", "name" : "3.jpg", "type" : "image/jpeg", "size" : 131931, "activity(uz*R*id)" : null, "filename" : "3.jpg", "lastModifiedDate" : "Mon Dec 15 2014 19:21:02 GMT+0800 (CST)" }
{ "_id" : { "$oid" : "548ec33a08d4718e7d771bc2" }, "createdAt" : { "$date" : "2014-12-15T19:17:14.804+0800" }, "updatedAt" : { "$date" : "2014-12-15T19:17:14.804+0800" }, "url" : "http://file.apicloud.com/mcm/A6963171435927/4ec175318d488fa72cc5d2d234fe0b0a.jpg", "name" : "1.jpg", "type" : "image/jpeg", "size" : 19584, "activity(uz*R*id)" : null, "filename" : "1.jpg", "lastModifiedDate" : "Mon Dec 15 2014 19:19:46 GMT+0800 (CST)" }
{ "_id" : { "$oid" : "548ec35f08d4718e7d771bc3" }, "createdAt" : { "$date" : "2014-12-15T19:17:51.581+0800" }, "updatedAt" : { "$date" : "2014-12-15T19:17:51.581+0800" }, "url" : "http://file.apicloud.com/mcm/A6963171435927/3ae199d550e5fd125949995a270b636c.jpg", "name" : "2.jpg", "type" : "image/jpeg", "size" : 19660, "activity(uz*R*id)" : null, "filename" : "2.jpg", "lastModifiedDate" : "Mon Dec 15 2014 19:20:39 GMT+0800 (CST)" }
{ "_id" : { "$oid" : "548ec36e72c60e937d21c8d2" }, "createdAt" : { "$date" : "2014-12-15T19:18:06.241+0800" }, "updatedAt" : { "$date" : "2014-12-15T19:18:06.241+0800" }, "url" : "http://file.apicloud.com/mcm/A6963171435927/4086c9224f1e4851683c1c42d2a9b7ec.jpg", "name" : "3.jpg", "type" : "image/jpeg", "size" : 131931, "activity(uz*R*id)" : null, "filename" : "3.jpg", "lastModifiedDate" : "Mon Dec 15 2014 19:21:02 GMT+0800 (CST)" }
{ "_id" : { "$oid" : "548ec3f072c60e937d21c8d3" }, "createdAt" : { "$date" : "2014-12-15T19:20:16.396+0800" }, "updatedAt" : { "$date" : "2014-12-15T19:20:16.396+0800" }, "url" : "http://file.apicloud.com/mcm/A6963171435927/910516ed4d313d6492a253ba336bc687.jpg", "name" : "4.jpg", "type" : "image/jpeg", "size" : 22315, "activity(uz*R*id)" : null, "filename" : "4.jpg", "lastModifiedDate" : "Mon Dec 15 2014 19:25:42 GMT+0800 (CST)" }
{ "_id" : { "$oid" : "548ec43172c60e937d21c8d6" }, "createdAt" : { "$date" : "2014-12-15T19:21:21.954+0800" }, "updatedAt" : { "$date" : "2014-12-15T19:21:21.954+0800" }, "url" : "http://file.apicloud.com/mcm/A6963171435927/dc0ca7ac05b4f1a19831a3b1fed8b831.jpg", "name" : "5.jpg", "type" : "image/jpeg", "size" : 44665, "activity(uz*R*id)" : null, "filename" : "5.jpg", "lastModifiedDate" : "Mon Dec 15 2014 19:26:28 GMT+0800 (CST)" }
{ "_id" : { "$oid" : "548ec43408d4718e7d771bc5" }, "createdAt" : { "$date" : "2014-12-15T19:21:24.685+0800" }, "updatedAt" : { "$date" : "2014-12-15T19:21:24.685+0800" }, "url" : "http://file.apicloud.com/mcm/A6963171435927/76e1f70be6e60a2bae40a53a626d1f23.jpg", "name" : "6.jpg", "type" : "image/jpeg", "size" : 62198, "activity(uz*R*id)" : null, "filename" : "6.jpg", "lastModifiedDate" : "Mon Dec 15 2014 19:26:53 GMT+0800 (CST)" }
{ "_id" : { "$oid" : "548ec4b640d50f927d2fcf48" }, "createdAt" : { "$date" : "2014-12-15T19:23:34.809+0800" }, "updatedAt" : { "$date" : "2014-12-15T19:23:34.809+0800" }, "url" : "http://file.apicloud.com/mcm/A6963171435927/4ec175318d488fa72cc5d2d234fe0b0a.jpg", "name" : "1.jpg", "type" : "image/jpeg", "size" : 19584, "activity(uz*R*id)" : null, "filename" : "1.jpg", "lastModifiedDate" : "Mon Dec 15 2014 19:19:46 GMT+0800 (CST)" }
{ "_id" : { "$oid" : "548ec56c40d50f927d2fcf49" }, "createdAt" : { "$date" : "2014-12-15T19:26:36.166+0800" }, "updatedAt" : { "$date" : "2014-12-15T19:26:36.166+0800" }, "url" : "http://file.apicloud.com/mcm/A6963171435927/4ec175318d488fa72cc5d2d234fe0b0a.jpg", "name" : "1.jpg", "type" : "image/jpeg", "size" : 19584, "activity(uz*R*id)" : null, "filename" : "1.jpg", "lastModifiedDate" : "Mon Dec 15 2014 19:19:46 GMT+0800 (CST)" }
{ "_id" : { "$oid" : "548ec59e08d4718e7d771bc6" }, "createdAt" : { "$date" : "2014-12-15T19:27:26.031+0800" }, "updatedAt" : { "$date" : "2014-12-15T19:27:26.031+0800" }, "url" : "http://file.apicloud.com/mcm/A6963171435927/3d2deee27c186204634e0a5318a288fc.jpg", "name" : "7.jpg", "type" : "image/jpeg", "size" : 15212, "activity(uz*R*id)" : null, "filename" : "7.jpg", "lastModifiedDate" : "Mon Dec 15 2014 19:32:47 GMT+0800 (CST)" }
{ "_id" : { "$oid" : "548ec5a208d4718e7d771bc7" }, "createdAt" : { "$date" : "2014-12-15T19:27:30.416+0800" }, "updatedAt" : { "$date" : "2014-12-15T19:27:30.416+0800" }, "url" : "http://file.apicloud.com/mcm/A6963171435927/29d65886fe9c5bfa56a186edda2fc453.jpg", "name" : "8.jpg", "type" : "image/jpeg", "size" : 11001, "activity(uz*R*id)" : null, "filename" : "8.jpg", "lastModifiedDate" : "Mon Dec 15 2014 19:32:58 GMT+0800 (CST)" }
{ "_id" : { "$oid" : "548ec5f6a4bfd2907d1eab14" }, "createdAt" : { "$date" : "2014-12-15T19:28:54.643+0800" }, "updatedAt" : { "$date" : "2014-12-15T19:28:54.643+0800" }, "url" : "http://file.apicloud.com/mcm/A6963171435927/4086c9224f1e4851683c1c42d2a9b7ec.jpg", "name" : "3.jpg", "type" : "image/jpeg", "size" : 131931, "activity(uz*R*id)" : null, "filename" : "3.jpg", "lastModifiedDate" : "Mon Dec 15 2014 19:21:02 GMT+0800 (CST)" }
{ "_id" : { "$oid" : "548ec61172c60e937d21c8d8" }, "createdAt" : { "$date" : "2014-12-15T19:29:21.318+0800" }, "updatedAt" : { "$date" : "2014-12-15T19:29:21.318+0800" }, "url" : "http://file.apicloud.com/mcm/A6963171435927/4086c9224f1e4851683c1c42d2a9b7ec.jpg", "name" : "3.jpg", "type" : "image/jpeg", "size" : 131931, "activity(uz*R*id)" : null, "filename" : "3.jpg", "lastModifiedDate" : "Mon Dec 15 2014 19:21:02 GMT+0800 (CST)" }
{ "_id" : { "$oid" : "548ec65772c60e937d21c8d9" }, "createdAt" : { "$date" : "2014-12-15T19:30:31.729+0800" }, "updatedAt" : { "$date" : "2014-12-15T19:30:31.729+0800" }, "url" : "http://file.apicloud.com/mcm/A6963171435927/9ab4fd0e7e799713c37e34f1da71cf58.jpg", "name" : "9.jpg", "type" : "image/jpeg", "size" : 82288, "activity(uz*R*id)" : null, "filename" : "9.jpg", "lastModifiedDate" : "Mon Dec 15 2014 19:36:05 GMT+0800 (CST)" }
{ "_id" : { "$oid" : "548ec6a208d4718e7d771bcb" }, "createdAt" : { "$date" : "2014-12-15T19:31:46.157+0800" }, "updatedAt" : { "$date" : "2014-12-15T19:31:46.157+0800" }, "url" : "http://file.apicloud.com/mcm/A6963171435927/3ae199d550e5fd125949995a270b636c.jpg", "name" : "2.jpg", "type" : "image/jpeg", "size" : 19660, "activity(uz*R*id)" : null, "filename" : "2.jpg", "lastModifiedDate" : "Mon Dec 15 2014 19:20:39 GMT+0800 (CST)" }
{ "_id" : { "$oid" : "548ec6cf08d4718e7d771bcc" }, "createdAt" : { "$date" : "2014-12-15T19:32:31.775+0800" }, "updatedAt" : { "$date" : "2014-12-15T19:32:31.775+0800" }, "url" : "http://file.apicloud.com/mcm/A6963171435927/3ae199d550e5fd125949995a270b636c.jpg", "name" : "2.jpg", "type" : "image/jpeg", "size" : 19660, "activity(uz*R*id)" : null, "filename" : "2.jpg", "lastModifiedDate" : "Mon Dec 15 2014 19:20:39 GMT+0800 (CST)" }
{ "_id" : { "$oid" : "548ec6e2a4bfd2907d1eab15" }, "createdAt" : { "$date" : "2014-12-15T19:32:50.155+0800" }, "updatedAt" : { "$date" : "2014-12-15T19:32:50.155+0800" }, "url" : "http://file.apicloud.com/mcm/A6963171435927/0c4b363f3a3ea4f544a4db9fd4c03b71.jpg", "name" : "10.jpg", "type" : "image/jpeg", "size" : 14905, "activity(uz*R*id)" : null, "filename" : "10.jpg", "lastModifiedDate" : "Mon Dec 15 2014 19:38:21 GMT+0800 (CST)" }
{ "_id" : { "$oid" : "548ec75440d50f927d2fcf4a" }, "createdAt" : { "$date" : "2014-12-15T19:34:44.065+0800" }, "updatedAt" : { "$date" : "2014-12-15T19:34:44.065+0800" }, "url" : "http://file.apicloud.com/mcm/A6963171435927/77d4d1f7390bad7376c574ff635d0e93.jpg", "name" : "11.jpg", "type" : "image/jpeg", "size" : 82418, "activity(uz*R*id)" : null, "filename" : "11.jpg", "lastModifiedDate" : "Mon Dec 15 2014 19:40:17 GMT+0800 (CST)" }
{ "_id" : { "$oid" : "548ec76408d4718e7d771bcd" }, "createdAt" : { "$date" : "2014-12-15T19:35:00.110+0800" }, "updatedAt" : { "$date" : "2014-12-15T19:35:00.110+0800" }, "url" : "http://file.apicloud.com/mcm/A6963171435927/77d4d1f7390bad7376c574ff635d0e93.jpg", "name" : "11.jpg", "type" : "image/jpeg", "size" : 82418, "activity(uz*R*id)" : null, "filename" : "11.jpg", "lastModifiedDate" : "Mon Dec 15 2014 19:40:17 GMT+0800 (CST)" }
{ "_id" : { "$oid" : "548ec7ad08d4718e7d771bce" }, "createdAt" : { "$date" : "2014-12-15T19:36:13.757+0800" }, "updatedAt" : { "$date" : "2014-12-15T19:36:13.757+0800" }, "url" : "http://file.apicloud.com/mcm/A6963171435927/b7a6d62174985ca7fa76a83cc7182f45.jpg", "name" : "15.jpg", "type" : "image/jpeg", "size" : 62005, "activity(uz*R*id)" : null, "filename" : "15.jpg", "lastModifiedDate" : "Mon Dec 15 2014 19:41:41 GMT+0800 (CST)" }
{ "_id" : { "$oid" : "548ec7b2a4bfd2907d1eab16" }, "createdAt" : { "$date" : "2014-12-15T19:36:18.835+0800" }, "updatedAt" : { "$date" : "2014-12-15T19:36:18.835+0800" }, "url" : "http://file.apicloud.com/mcm/A6963171435927/62e21c4cb9856b144fc19b0276a93c3e.jpg", "name" : "16.jpg", "type" : "image/jpeg", "size" : 54751, "activity(uz*R*id)" : null, "filename" : "16.jpg", "lastModifiedDate" : "Mon Dec 15 2014 19:41:48 GMT+0800 (CST)" }
{ "_id" : { "$oid" : "548f9f5d40d50f927d2fcf55" }, "createdAt" : { "$date" : "2014-12-16T10:56:29.737+0800" }, "updatedAt" : { "$date" : "2014-12-16T10:56:29.737+0800" }, "url" : "http://file.apicloud.com/mcm/A6963171435927/4ec175318d488fa72cc5d2d234fe0b0a.jpg", "name" : "1.jpg", "type" : "image/jpeg", "size" : 19584, "activity(uz*R*id)" : null, "filename" : "1.jpg", "lastModifiedDate" : "Mon Dec 15 2014 19:19:46 GMT+0800 (CST)" }
{ "_id" : { "$oid" : "548f9f6872c60e937d21c8e7" }, "createdAt" : { "$date" : "2014-12-16T10:56:40.788+0800" }, "updatedAt" : { "$date" : "2014-12-16T10:56:40.788+0800" }, "url" : "http://file.apicloud.com/mcm/A6963171435927/3d2deee27c186204634e0a5318a288fc.jpg", "name" : "7.jpg", "type" : "image/jpeg", "size" : 15212, "activity(uz*R*id)" : null, "filename" : "7.jpg", "lastModifiedDate" : "Mon Dec 15 2014 19:32:47 GMT+0800 (CST)" }
{ "_id" : { "$oid" : "548f9f72a4bfd2907d1eab24" }, "createdAt" : { "$date" : "2014-12-16T10:56:50.379+0800" }, "updatedAt" : { "$date" : "2014-12-16T10:56:50.379+0800" }, "url" : "http://file.apicloud.com/mcm/A6963171435927/29d65886fe9c5bfa56a186edda2fc453.jpg", "name" : "8.jpg", "type" : "image/jpeg", "size" : 11001, "activity(uz*R*id)" : null, "filename" : "8.jpg", "lastModifiedDate" : "Mon Dec 15 2014 19:32:58 GMT+0800 (CST)" }
{ "_id" : { "$oid" : "548f9fd808d4718e7d771be3" }, "createdAt" : { "$date" : "2014-12-16T10:58:32.377+0800" }, "updatedAt" : { "$date" : "2014-12-16T10:58:32.377+0800" }, "url" : "http://file.apicloud.com/mcm/A6963171435927/4ec175318d488fa72cc5d2d234fe0b0a.jpg", "name" : "1.jpg", "type" : "image/jpeg", "size" : 19584, "activity(uz*R*id)" : null, "filename" : "1.jpg", "lastModifiedDate" : "Mon Dec 15 2014 19:19:46 GMT+0800 (CST)" }
{ "_id" : { "$oid" : "548f9fdd08d4718e7d771be4" }, "createdAt" : { "$date" : "2014-12-16T10:58:37.525+0800" }, "updatedAt" : { "$date" : "2014-12-16T10:58:37.525+0800" }, "url" : "http://file.apicloud.com/mcm/A6963171435927/3d2deee27c186204634e0a5318a288fc.jpg", "name" : "7.jpg", "type" : "image/jpeg", "size" : 15212, "activity(uz*R*id)" : null, "filename" : "7.jpg", "lastModifiedDate" : "Mon Dec 15 2014 19:32:47 GMT+0800 (CST)" }
{ "_id" : { "$oid" : "548f9fe1a4bfd2907d1eab25" }, "createdAt" : { "$date" : "2014-12-16T10:58:41.659+0800" }, "updatedAt" : { "$date" : "2014-12-16T10:58:41.659+0800" }, "url" : "http://file.apicloud.com/mcm/A6963171435927/29d65886fe9c5bfa56a186edda2fc453.jpg", "name" : "8.jpg", "type" : "image/jpeg", "size" : 11001, "activity(uz*R*id)" : null, "filename" : "8.jpg", "lastModifiedDate" : "Mon Dec 15 2014 19:32:58 GMT+0800 (CST)" }
{ "_id" : { "$oid" : "548fa03da4bfd2907d1eab26" }, "createdAt" : { "$date" : "2014-12-16T11:00:13.727+0800" }, "updatedAt" : { "$date" : "2014-12-16T11:00:13.727+0800" }, "url" : "http://file.apicloud.com/mcm/A6963171435927/4ec175318d488fa72cc5d2d234fe0b0a.jpg", "name" : "1.jpg", "type" : "image/jpeg", "size" : 19584, "activity(uz*R*id)" : null, "filename" : "1.jpg", "lastModifiedDate" : "Mon Dec 15 2014 19:19:46 GMT+0800 (CST)" }
{ "_id" : { "$oid" : "548fa1cca4bfd2907d1eab28" }, "createdAt" : { "$date" : "2014-12-16T11:06:52.220+0800" }, "updatedAt" : { "$date" : "2014-12-16T11:06:52.220+0800" }, "url" : "http://file.apicloud.com/mcm/A6963171435927/4ec175318d488fa72cc5d2d234fe0b0a.jpg", "name" : "1.jpg", "type" : "image/jpeg", "size" : 19584, "activity(uz*R*id)" : null, "filename" : "1.jpg", "lastModifiedDate" : "Mon Dec 15 2014 19:19:46 GMT+0800 (CST)" }
{ "_id" : { "$oid" : "548fa1d040d50f927d2fcf57" }, "createdAt" : { "$date" : "2014-12-16T11:06:56.495+0800" }, "updatedAt" : { "$date" : "2014-12-16T11:06:56.495+0800" }, "url" : "http://file.apicloud.com/mcm/A6963171435927/3d2deee27c186204634e0a5318a288fc.jpg", "name" : "7.jpg", "type" : "image/jpeg", "size" : 15212, "activity(uz*R*id)" : null, "filename" : "7.jpg", "lastModifiedDate" : "Mon Dec 15 2014 19:32:47 GMT+0800 (CST)" }
{ "_id" : { "$oid" : "548fa1d540d50f927d2fcf58" }, "createdAt" : { "$date" : "2014-12-16T11:07:01.112+0800" }, "updatedAt" : { "$date" : "2014-12-16T11:07:01.112+0800" }, "url" : "http://file.apicloud.com/mcm/A6963171435927/3d2deee27c186204634e0a5318a288fc.jpg", "name" : "7.jpg", "type" : "image/jpeg", "size" : 15212, "activity(uz*R*id)" : null, "filename" : "7.jpg", "lastModifiedDate" : "Mon Dec 15 2014 19:32:47 GMT+0800 (CST)" }
{ "_id" : { "$oid" : "548fa1ec08d4718e7d771be5" }, "createdAt" : { "$date" : "2014-12-16T11:07:24.997+0800" }, "updatedAt" : { "$date" : "2014-12-16T11:07:24.997+0800" }, "url" : "http://file.apicloud.com/mcm/A6963171435927/4ec175318d488fa72cc5d2d234fe0b0a.jpg", "name" : "1.jpg", "type" : "image/jpeg", "size" : 19584, "activity(uz*R*id)" : null, "filename" : "1.jpg", "lastModifiedDate" : "Mon Dec 15 2014 19:19:46 GMT+0800 (CST)" }
{ "_id" : { "$oid" : "548fab2572c60e937d21c8eb" }, "createdAt" : { "$date" : "2014-12-16T11:46:45.991+0800" }, "updatedAt" : { "$date" : "2014-12-16T11:46:45.991+0800" }, "url" : "http://file.apicloud.com/mcm/A6963171435927/910516ed4d313d6492a253ba336bc687.jpg", "name" : "4.jpg", "type" : "image/jpeg", "size" : 22315, "activity(uz*R*id)" : null, "news(uz*R*id)" : null, "filename" : "4.jpg", "lastModifiedDate" : "Mon Dec 15 2014 19:25:42 GMT+0800 (CST)" }
{ "_id" : { "$oid" : "548fc57f08d4718e7d771beb" }, "createdAt" : { "$date" : "2014-12-16T13:39:11.201+0800" }, "updatedAt" : { "$date" : "2014-12-16T13:39:11.201+0800" }, "url" : "http://file.apicloud.com/mcm/A6963171435927/dc0ca7ac05b4f1a19831a3b1fed8b831.jpg", "name" : "5.jpg", "type" : "image/jpeg", "size" : 44665, "activity(uz*R*id)" : null, "news(uz*R*id)" : null, "filename" : "5.jpg", "lastModifiedDate" : "Mon Dec 15 2014 19:26:28 GMT+0800 (CST)" }
{ "_id" : { "$oid" : "548fc5e740d50f927d2fcf5c" }, "createdAt" : { "$date" : "2014-12-16T13:40:55.169+0800" }, "updatedAt" : { "$date" : "2014-12-16T13:40:55.169+0800" }, "url" : "http://file.apicloud.com/mcm/A6963171435927/76e1f70be6e60a2bae40a53a626d1f23.jpg", "name" : "6.jpg", "type" : "image/jpeg", "size" : 62198, "activity(uz*R*id)" : null, "news(uz*R*id)" : null, "filename" : "6.jpg", "lastModifiedDate" : "Mon Dec 15 2014 19:26:53 GMT+0800 (CST)" }
{ "_id" : { "$oid" : "5490041a95a392481e623c26" }, "createdAt" : { "$date" : "2014-12-16T18:06:18.567+0800" }, "updatedAt" : { "$date" : "2014-12-16T18:06:18.567+0800" }, "url" : "http://file.apicloud.com/mcm/A6963171435927/910516ed4d313d6492a253ba336bc687.jpg", "name" : "4.jpg", "type" : "image/jpeg", "size" : 22315, "activity(uz*R*id)" : null, "news(uz*R*id)" : null, "filename" : "4.jpg", "lastModifiedDate" : "Mon Dec 15 2014 19:25:42 GMT+0800 (CST)" }
{ "_id" : { "$oid" : "549004a795a392481e623c28" }, "createdAt" : { "$date" : "2014-12-16T18:08:39.301+0800" }, "updatedAt" : { "$date" : "2014-12-16T18:08:39.301+0800" }, "url" : "http://file.apicloud.com/mcm/A6963171435927/dc0ca7ac05b4f1a19831a3b1fed8b831.jpg", "name" : "5.jpg", "type" : "image/jpeg", "size" : 44665, "activity(uz*R*id)" : null, "news(uz*R*id)" : null, "filename" : "5.jpg", "lastModifiedDate" : "Mon Dec 15 2014 19:26:28 GMT+0800 (CST)" }
{ "_id" : { "$oid" : "5490054472e14c4c1e2b9552" }, "createdAt" : { "$date" : "2014-12-16T18:11:16.157+0800" }, "updatedAt" : { "$date" : "2014-12-16T18:11:16.157+0800" }, "url" : "http://file.apicloud.com/mcm/A6963171435927/76e1f70be6e60a2bae40a53a626d1f23.jpg", "name" : "6.jpg", "type" : "image/jpeg", "size" : 62198, "activity(uz*R*id)" : null, "news(uz*R*id)" : null, "filename" : "6.jpg", "lastModifiedDate" : "Mon Dec 15 2014 19:26:53 GMT+0800 (CST)" }
{ "_id" : { "$oid" : "549007e92c1ea1461e33893e" }, "createdAt" : { "$date" : "2014-12-16T18:22:33.789+0800" }, "updatedAt" : { "$date" : "2014-12-16T18:22:33.789+0800" }, "url" : "http://file.apicloud.com/mcm/A6963171435927/3d2deee27c186204634e0a5318a288fc.jpg", "name" : "7.jpg", "type" : "image/jpeg", "size" : 15212, "activity(uz*R*id)" : null, "news(uz*R*id)" : null, "filename" : "7.jpg", "lastModifiedDate" : "Mon Dec 15 2014 19:32:47 GMT+0800 (CST)" }
{ "_id" : { "$oid" : "549007f82c1ea1461e33893f" }, "createdAt" : { "$date" : "2014-12-16T18:22:48.478+0800" }, "updatedAt" : { "$date" : "2014-12-16T18:22:48.478+0800" }, "url" : "http://file.apicloud.com/mcm/A6963171435927/4ec175318d488fa72cc5d2d234fe0b0a.jpg", "name" : "1.jpg", "type" : "image/jpeg", "size" : 19584, "activity(uz*R*id)" : null, "news(uz*R*id)" : null, "filename" : "1.jpg", "lastModifiedDate" : "Mon Dec 15 2014 19:19:46 GMT+0800 (CST)" }
{ "_id" : { "$oid" : "549008882c1ea1461e338951" }, "createdAt" : { "$date" : "2014-12-16T18:25:12.730+0800" }, "updatedAt" : { "$date" : "2014-12-16T18:25:12.730+0800" }, "url" : "http://file.apicloud.com/mcm/A6963171435927/4086c9224f1e4851683c1c42d2a9b7ec.jpg", "name" : "3.jpg", "type" : "image/jpeg", "size" : 131931, "activity(uz*R*id)" : null, "news(uz*R*id)" : null, "filename" : "3.jpg", "lastModifiedDate" : "Mon Dec 15 2014 19:21:02 GMT+0800 (CST)" }
{ "_id" : { "$oid" : "549009592c1ea1461e33895e" }, "createdAt" : { "$date" : "2014-12-16T18:28:41.529+0800" }, "updatedAt" : { "$date" : "2014-12-16T18:28:41.529+0800" }, "url" : "http://file.apicloud.com/mcm/A6963171435927/3d2deee27c186204634e0a5318a288fc.jpg", "name" : "7.jpg", "type" : "image/jpeg", "size" : 15212, "activity(uz*R*id)" : null, "news(uz*R*id)" : null, "filename" : "7.jpg", "lastModifiedDate" : "Mon Dec 15 2014 19:32:47 GMT+0800 (CST)" }
{ "_id" : { "$oid" : "5490e1dd8bcb64491e5cc621" }, "createdAt" : { "$date" : "2014-12-17T09:52:29.724+0800" }, "updatedAt" : { "$date" : "2014-12-17T09:52:29.724+0800" }, "url" : "http://file.apicloud.com/mcm/A6963171435927/4ec175318d488fa72cc5d2d234fe0b0a.jpg", "name" : "1.jpg", "type" : "image/jpeg", "size" : 19584, "activity(uz*R*id)" : null, "news(uz*R*id)" : null, "filename" : "1.jpg", "lastModifiedDate" : "Mon Dec 15 2014 19:19:46 GMT+0800 (CST)" }
{ "_id" : { "$oid" : "5490e617edb9860731f55d08" }, "createdAt" : { "$date" : "2014-12-17T10:10:31.818+0800" }, "updatedAt" : { "$date" : "2014-12-17T10:10:31.818+0800" }, "url" : "http://file.apicloud.com/mcm/A6963171435927/76e1f70be6e60a2bae40a53a626d1f23.jpg", "name" : "6.jpg", "type" : "image/jpeg", "size" : 62198, "activity(uz*R*id)" : null, "news(uz*R*id)" : null, "filename" : "6.jpg", "lastModifiedDate" : "Mon Dec 15 2014 19:26:53 GMT+0800 (CST)" }
{ "_id" : { "$oid" : "5490e65e38834505316fb4ae" }, "createdAt" : { "$date" : "2014-12-17T10:11:42.560+0800" }, "updatedAt" : { "$date" : "2014-12-17T10:11:42.560+0800" }, "url" : "http://file.apicloud.com/mcm/A6963171435927/76e1f70be6e60a2bae40a53a626d1f23.jpg", "name" : "6.jpg", "type" : "image/jpeg", "size" : 62198, "activity(uz*R*id)" : null, "news(uz*R*id)" : "5490e5feedb9860731f55d07", "filename" : "6.jpg", "lastModifiedDate" : "Mon Dec 15 2014 19:26:53 GMT+0800 (CST)" }
{ "_id" : { "$oid" : "5490e73c38834505316fb4b0" }, "createdAt" : { "$date" : "2014-12-17T10:15:24.699+0800" }, "updatedAt" : { "$date" : "2014-12-17T10:15:24.699+0800" }, "url" : "http://file.apicloud.com/mcm/A6963171435927/dc0ca7ac05b4f1a19831a3b1fed8b831.jpg", "name" : "5.jpg", "type" : "image/jpeg", "size" : 44665, "activity(uz*R*id)" : null, "news(uz*R*id)" : null, "filename" : "5.jpg", "lastModifiedDate" : "Mon Dec 15 2014 19:26:28 GMT+0800 (CST)" }
{ "_id" : { "$oid" : "5490e7bcedb9860731f55d0a" }, "createdAt" : { "$date" : "2014-12-17T10:17:32.430+0800" }, "updatedAt" : { "$date" : "2014-12-17T10:17:32.430+0800" }, "url" : "http://file.apicloud.com/mcm/A6963171435927/910516ed4d313d6492a253ba336bc687.jpg", "name" : "4.jpg", "type" : "image/jpeg", "size" : 22315, "activity(uz*R*id)" : null, "news(uz*R*id)" : null, "filename" : "4.jpg", "lastModifiedDate" : "Mon Dec 15 2014 19:25:42 GMT+0800 (CST)" }
{ "_id" : { "$oid" : "5490ed54edb9860731f55d0c" }, "createdAt" : { "$date" : "2014-12-17T10:41:24.859+0800" }, "updatedAt" : { "$date" : "2014-12-17T10:41:24.859+0800" }, "url" : "http://file.apicloud.com/mcm/A6963171435927/4ec175318d488fa72cc5d2d234fe0b0a.jpg", "name" : "1.jpg", "type" : "image/jpeg", "size" : 19584, "activity(uz*R*id)" : null, "news(uz*R*id)" : "5490e5feedb9860731f55d07", "filename" : "1.jpg", "lastModifiedDate" : "Mon Dec 15 2014 19:19:46 GMT+0800 (CST)" }
{ "_id" : { "$oid" : "5490ed5bedb9860731f55d0d" }, "createdAt" : { "$date" : "2014-12-17T10:41:31.486+0800" }, "updatedAt" : { "$date" : "2014-12-17T10:41:31.486+0800" }, "url" : "http://file.apicloud.com/mcm/A6963171435927/3ae199d550e5fd125949995a270b636c.jpg", "name" : "2.jpg", "type" : "image/jpeg", "size" : 19660, "activity(uz*R*id)" : null, "news(uz*R*id)" : "5490e5feedb9860731f55d07", "filename" : "2.jpg", "lastModifiedDate" : "Mon Dec 15 2014 19:20:39 GMT+0800 (CST)" }
{ "_id" : { "$oid" : "5490fc894cc61f0431e81723" }, "createdAt" : { "$date" : "2014-12-17T11:46:17.923+0800" }, "updatedAt" : { "$date" : "2014-12-17T11:46:17.923+0800" }, "url" : "http://file.apicloud.com/mcm/A6963171435927/4ec175318d488fa72cc5d2d234fe0b0a.jpg", "name" : "1.jpg", "type" : "image/jpeg", "size" : 19584, "activity(uz*R*id)" : "548ec48e40d50f927d2fcf47", "filename" : "1.jpg", "lastModifiedDate" : "Mon Dec 15 2014 19:19:46 GMT+0800 (CST)" }
{ "_id" : { "$oid" : "5490fc914cc61f0431e81724" }, "createdAt" : { "$date" : "2014-12-17T11:46:25.425+0800" }, "updatedAt" : { "$date" : "2014-12-17T11:46:25.425+0800" }, "url" : "http://file.apicloud.com/mcm/A6963171435927/3d2deee27c186204634e0a5318a288fc.jpg", "name" : "7.jpg", "type" : "image/jpeg", "size" : 15212, "activity(uz*R*id)" : "548ec48e40d50f927d2fcf47", "filename" : "7.jpg", "lastModifiedDate" : "Mon Dec 15 2014 19:32:47 GMT+0800 (CST)" }
{ "_id" : { "$oid" : "5490fc974cc61f0431e81725" }, "createdAt" : { "$date" : "2014-12-17T11:46:31.740+0800" }, "updatedAt" : { "$date" : "2014-12-17T11:46:31.740+0800" }, "url" : "http://file.apicloud.com/mcm/A6963171435927/29d65886fe9c5bfa56a186edda2fc453.jpg", "name" : "8.jpg", "type" : "image/jpeg", "size" : 11001, "activity(uz*R*id)" : "548ec48e40d50f927d2fcf47", "filename" : "8.jpg", "lastModifiedDate" : "Mon Dec 15 2014 19:32:58 GMT+0800 (CST)" }
{ "_id" : { "$oid" : "5490fca04cc61f0431e81726" }, "createdAt" : { "$date" : "2014-12-17T11:46:40.680+0800" }, "updatedAt" : { "$date" : "2014-12-17T11:46:40.680+0800" }, "url" : "http://file.apicloud.com/mcm/A6963171435927/3d2deee27c186204634e0a5318a288fc.jpg", "name" : "7.jpg", "type" : "image/jpeg", "size" : 15212, "activity(uz*R*id)" : "548ec48e40d50f927d2fcf47", "filename" : "7.jpg", "lastModifiedDate" : "Mon Dec 15 2014 19:32:47 GMT+0800 (CST)" }
{ "_id" : { "$oid" : "54913e2f2c1ea1461e338b86" }, "createdAt" : { "$date" : "2014-12-17T16:26:23.259+0800" }, "updatedAt" : { "$date" : "2014-12-17T16:26:23.259+0800" }, "url" : "http://file.apicloud.com/mcm/A6963171435927/584f668f12239ff64d187c23a42a15d1.jpg", "name" : "4.jpg", "type" : "image/jpeg", "size" : 96470, "merchant(uz*R*id)" : null, "filename" : "4.jpg", "lastModifiedDate" : "Wed Dec 17 2014 14:00:05 GMT+0800 (CST)" }
{ "_id" : { "$oid" : "54913e3895a392481e623f00" }, "createdAt" : { "$date" : "2014-12-17T16:26:32.739+0800" }, "updatedAt" : { "$date" : "2014-12-17T16:26:32.739+0800" }, "url" : "http://file.apicloud.com/mcm/A6963171435927/6add26b6609e634dbe8a59f711c20e1d.jpg", "name" : "5.jpg", "type" : "image/jpeg", "size" : 67610, "merchant(uz*R*id)" : null, "filename" : "5.jpg", "lastModifiedDate" : "Wed Dec 17 2014 14:00:11 GMT+0800 (CST)" }
{ "_id" : { "$oid" : "54913e4095a392481e623f01" }, "createdAt" : { "$date" : "2014-12-17T16:26:40.139+0800" }, "updatedAt" : { "$date" : "2014-12-17T16:26:40.139+0800" }, "url" : "http://file.apicloud.com/mcm/A6963171435927/fa571e2cf22948fb5a9f36f9b076ec92.jpg", "name" : "6.jpg", "type" : "image/jpeg", "size" : 72298, "merchant(uz*R*id)" : null, "filename" : "6.jpg", "lastModifiedDate" : "Wed Dec 17 2014 14:00:19 GMT+0800 (CST)" }
{ "_id" : { "$oid" : "5492718ae9f7aa4d4a8e26ad" }, "createdAt" : { "$date" : "2014-12-18T14:17:46.752+0800" }, "updatedAt" : { "$date" : "2014-12-18T14:17:46.752+0800" }, "url" : "http://file.apicloud.com/mcm/A6963171435927/584f668f12239ff64d187c23a42a15d1.jpg", "name" : "4.jpg", "type" : "image/jpeg", "size" : 96470, "merchant(uz*R*id)" : null, "filename" : "4.jpg", "lastModifiedDate" : "Wed Dec 17 2014 14:00:05 GMT+0800 (CST)" }
{ "_id" : { "$oid" : "5492719246683e4c4af3dd85" }, "createdAt" : { "$date" : "2014-12-18T14:17:54.782+0800" }, "updatedAt" : { "$date" : "2014-12-18T14:17:54.782+0800" }, "url" : "http://file.apicloud.com/mcm/A6963171435927/584f668f12239ff64d187c23a42a15d1.jpg", "name" : "4.jpg", "type" : "image/jpeg", "size" : 96470, "merchant(uz*R*id)" : null, "filename" : "4.jpg", "lastModifiedDate" : "Wed Dec 17 2014 14:00:05 GMT+0800 (CST)" }
{ "_id" : { "$oid" : "5492725053e61ac305e82680" }, "createdAt" : { "$date" : "2014-12-18T14:21:04.475+0800" }, "updatedAt" : { "$date" : "2014-12-18T14:21:04.475+0800" }, "url" : "http://file.apicloud.com/mcm/A6963171435927/584f668f12239ff64d187c23a42a15d1.jpg", "name" : "4.jpg", "type" : "image/jpeg", "size" : 96470, "merchant(uz*R*id)" : "54913e2095a392481e623eff", "filename" : "4.jpg", "lastModifiedDate" : "Wed Dec 17 2014 14:00:05 GMT+0800 (CST)" }
{ "_id" : { "$oid" : "5492725653e61ac305e82681" }, "createdAt" : { "$date" : "2014-12-18T14:21:10.151+0800" }, "updatedAt" : { "$date" : "2014-12-18T14:21:10.151+0800" }, "url" : "http://file.apicloud.com/mcm/A6963171435927/584f668f12239ff64d187c23a42a15d1.jpg", "name" : "4.jpg", "type" : "image/jpeg", "size" : 96470, "merchant(uz*R*id)" : "54913e2095a392481e623eff", "filename" : "4.jpg", "lastModifiedDate" : "Wed Dec 17 2014 14:00:05 GMT+0800 (CST)" }
{ "_id" : { "$oid" : "5492726253e61ac305e82683" }, "createdAt" : { "$date" : "2014-12-18T14:21:22.135+0800" }, "updatedAt" : { "$date" : "2014-12-18T14:21:22.135+0800" }, "url" : "http://file.apicloud.com/mcm/A6963171435927/6add26b6609e634dbe8a59f711c20e1d.jpg", "name" : "5.jpg", "type" : "image/jpeg", "size" : 67610, "merchant(uz*R*id)" : "5491433b7a8e241b335b5fa8", "filename" : "5.jpg", "lastModifiedDate" : "Wed Dec 17 2014 14:00:11 GMT+0800 (CST)" }
{ "_id" : { "$oid" : "5492727653e61ac305e82685" }, "createdAt" : { "$date" : "2014-12-18T14:21:42.581+0800" }, "updatedAt" : { "$date" : "2014-12-18T14:21:42.581+0800" }, "url" : "http://file.apicloud.com/mcm/A6963171435927/fa571e2cf22948fb5a9f36f9b076ec92.jpg", "name" : "6.jpg", "type" : "image/jpeg", "size" : 72298, "merchant(uz*R*id)" : "54914d31bd9197163367048c", "filename" : "6.jpg", "lastModifiedDate" : "Wed Dec 17 2014 14:00:19 GMT+0800 (CST)" }
{ "_id" : { "$oid" : "5492727b53e61ac305e82686" }, "createdAt" : { "$date" : "2014-12-18T14:21:47.986+0800" }, "updatedAt" : { "$date" : "2014-12-18T14:21:47.986+0800" }, "url" : "http://file.apicloud.com/mcm/A6963171435927/fa571e2cf22948fb5a9f36f9b076ec92.jpg", "name" : "6.jpg", "type" : "image/jpeg", "size" : 72298, "merchant(uz*R*id)" : "54914d31bd9197163367048c", "filename" : "6.jpg", "lastModifiedDate" : "Wed Dec 17 2014 14:00:19 GMT+0800 (CST)" }
{ "_id" : { "$oid" : "54927ad44859214a4a8da5d4" }, "createdAt" : { "$date" : "2014-12-18T14:57:24.867+0800" }, "updatedAt" : { "$date" : "2014-12-18T14:57:24.867+0800" }, "url" : "http://file.apicloud.com/mcm/A6963171435927/584f668f12239ff64d187c23a42a15d1.jpg", "name" : "4.jpg", "type" : "image/jpeg", "size" : 96470, "merchant(uz*R*id)" : null, "filename" : "4.jpg", "lastModifiedDate" : "Wed Dec 17 2014 14:00:05 GMT+0800 (CST)" }
{ "_id" : { "$oid" : "54927ad746683e4c4af3e129" }, "createdAt" : { "$date" : "2014-12-18T14:57:27.234+0800" }, "updatedAt" : { "$date" : "2014-12-18T14:57:27.234+0800" }, "url" : "http://file.apicloud.com/mcm/A6963171435927/584f668f12239ff64d187c23a42a15d1.jpg", "name" : "4.jpg", "type" : "image/jpeg", "size" : 96470, "merchant(uz*R*id)" : null, "filename" : "4.jpg", "lastModifiedDate" : "Wed Dec 17 2014 14:00:05 GMT+0800 (CST)" }
{ "_id" : { "$oid" : "54927adb879ce84f4a5ceb3e" }, "createdAt" : { "$date" : "2014-12-18T14:57:31.507+0800" }, "updatedAt" : { "$date" : "2014-12-18T14:57:31.507+0800" }, "url" : "http://file.apicloud.com/mcm/A6963171435927/fa571e2cf22948fb5a9f36f9b076ec92.jpg", "name" : "6.jpg", "type" : "image/jpeg", "size" : 72298, "merchant(uz*R*id)" : null, "filename" : "6.jpg", "lastModifiedDate" : "Wed Dec 17 2014 14:00:19 GMT+0800 (CST)" }
{ "_id" : { "$oid" : "54927ae3e9f7aa4d4a8e2ae4" }, "createdAt" : { "$date" : "2014-12-18T14:57:39.774+0800" }, "updatedAt" : { "$date" : "2014-12-18T14:57:39.774+0800" }, "url" : "http://file.apicloud.com/mcm/A6963171435927/0c4b363f3a3ea4f544a4db9fd4c03b71.jpg", "name" : "9.jpg", "type" : "image/jpeg", "size" : 14905, "merchant(uz*R*id)" : null, "filename" : "9.jpg", "lastModifiedDate" : "Wed Dec 17 2014 14:00:35 GMT+0800 (CST)" }
{ "_id" : { "$oid" : "5493b11b359e80f06990312a" }, "createdAt" : { "$date" : "2014-12-19T13:01:15.159+0800" }, "updatedAt" : { "$date" : "2014-12-19T13:01:15.159+0800" }, "url" : "http://file.apicloud.com/mcm/A6963171435927/59199dcab14145948e29ab2b4e91e8e4.jpg", "name" : "37.jpg", "type" : "image/jpeg", "size" : 11057, "merchant(uz*R*id)" : null, "filename" : "37.jpg", "lastModifiedDate" : "Fri Dec 19 2014 13:06:45 GMT+0800 (CST)" }
{ "_id" : { "$oid" : "5493b23da4bec1ef696c6e4a" }, "createdAt" : { "$date" : "2014-12-19T13:06:05.873+0800" }, "updatedAt" : { "$date" : "2014-12-19T13:06:05.873+0800" }, "url" : "http://file.apicloud.com/mcm/A6963171435927/d6cdc2d1fa2deb8b3cd42d6b70d74e3c.jpg", "name" : "38.jpg", "type" : "image/jpeg", "size" : 9815, "merchant(uz*R*id)" : null, "filename" : "38.jpg", "lastModifiedDate" : "Fri Dec 19 2014 13:12:01 GMT+0800 (CST)" }
{ "_id" : { "$oid" : "5493b2c78fbf84ed69b4331e" }, "createdAt" : { "$date" : "2014-12-19T13:08:23.025+0800" }, "updatedAt" : { "$date" : "2014-12-19T13:08:23.025+0800" }, "url" : "http://file.apicloud.com/mcm/A6963171435927/386ef63fcb7e83226fbb1db468250d38.jpg", "name" : "38.jpg", "type" : "image/jpeg", "size" : 105802, "merchant(uz*R*id)" : null, "filename" : "38.jpg", "lastModifiedDate" : "Fri Dec 19 2014 13:14:11 GMT+0800 (CST)" }
{ "_id" : { "$oid" : "5493b310359e80f0699031e0" }, "createdAt" : { "$date" : "2014-12-19T13:09:36.209+0800" }, "updatedAt" : { "$date" : "2014-12-19T13:09:36.209+0800" }, "url" : "http://file.apicloud.com/mcm/A6963171435927/b5e40f27a3e5d0083289be0aea95fd0f.jpg", "name" : "39.jpg", "type" : "image/jpeg", "size" : 62428, "merchant(uz*R*id)" : null, "filename" : "39.jpg", "lastModifiedDate" : "Fri Dec 19 2014 13:15:21 GMT+0800 (CST)" }
{ "_id" : { "$oid" : "5493b3988fbf84ed69b4337a" }, "createdAt" : { "$date" : "2014-12-19T13:11:52.177+0800" }, "updatedAt" : { "$date" : "2014-12-19T13:11:52.177+0800" }, "url" : "http://file.apicloud.com/mcm/A6963171435927/f28d47354cc7e8c2c1fd54aee1500c60.jpg", "name" : "40.jpg", "type" : "image/jpeg", "size" : 40943, "merchant(uz*R*id)" : null, "filename" : "40.jpg", "lastModifiedDate" : "Fri Dec 19 2014 13:17:26 GMT+0800 (CST)" }
{ "_id" : { "$oid" : "5493b3ab359e80f06990321b" }, "createdAt" : { "$date" : "2014-12-19T13:12:11.959+0800" }, "updatedAt" : { "$date" : "2014-12-19T13:12:11.959+0800" }, "url" : "http://file.apicloud.com/mcm/A6963171435927/f28d47354cc7e8c2c1fd54aee1500c60.jpg", "name" : "40.jpg", "type" : "image/jpeg", "size" : 40943, "merchant(uz*R*id)" : null, "filename" : "40.jpg", "lastModifiedDate" : "Fri Dec 19 2014 13:17:26 GMT+0800 (CST)" }
{ "_id" : { "$oid" : "5493b3d7359e80f06990322a" }, "createdAt" : { "$date" : "2014-12-19T13:12:55.152+0800" }, "updatedAt" : { "$date" : "2014-12-19T13:12:55.152+0800" }, "url" : "http://file.apicloud.com/mcm/A6963171435927/6b71bea733cea10ac099e8d9cfdc5dcd.jpg", "name" : "41.jpg", "type" : "image/jpeg", "size" : 74060, "merchant(uz*R*id)" : null, "filename" : "41.jpg", "lastModifiedDate" : "Fri Dec 19 2014 13:18:47 GMT+0800 (CST)" }
{ "_id" : { "$oid" : "5493b45b8fbf84ed69b433c5" }, "createdAt" : { "$date" : "2014-12-19T13:15:07.197+0800" }, "updatedAt" : { "$date" : "2014-12-19T13:15:07.197+0800" }, "url" : "http://file.apicloud.com/mcm/A6963171435927/ca876f111cd97b5fab594fc6b376f58e.jpg", "name" : "42.jpg", "type" : "image/jpeg", "size" : 23363, "merchant(uz*R*id)" : null, "filename" : "42.jpg", "lastModifiedDate" : "Fri Dec 19 2014 13:21:03 GMT+0800 (CST)" }
{ "_id" : { "$oid" : "5493b5b58fbf84ed69b43455" }, "createdAt" : { "$date" : "2014-12-19T13:20:53.541+0800" }, "updatedAt" : { "$date" : "2014-12-19T13:20:53.541+0800" }, "url" : "http://file.apicloud.com/mcm/A6963171435927/e13a7768b9ca4bbeb9513b539edce000.jpg", "name" : "43.jpg", "type" : "image/jpeg", "size" : 17631, "merchant(uz*R*id)" : null, "filename" : "43.jpg", "lastModifiedDate" : "Fri Dec 19 2014 13:26:46 GMT+0800 (CST)" }
{ "_id" : { "$oid" : "5493b62211153af2694609c9" }, "createdAt" : { "$date" : "2014-12-19T13:22:42.011+0800" }, "updatedAt" : { "$date" : "2014-12-19T13:22:42.011+0800" }, "url" : "http://file.apicloud.com/mcm/A6963171435927/0ff2b92cfeee4ffa2c8872c1a3fbbcd4.jpg", "name" : "44.jpg", "type" : "image/jpeg", "size" : 20964, "merchant(uz*R*id)" : null, "filename" : "44.jpg", "lastModifiedDate" : "Fri Dec 19 2014 13:28:39 GMT+0800 (CST)" }
{ "_id" : { "$oid" : "5493b680359e80f069903306" }, "createdAt" : { "$date" : "2014-12-19T13:24:16.606+0800" }, "updatedAt" : { "$date" : "2014-12-19T13:24:16.606+0800" }, "url" : "http://file.apicloud.com/mcm/A6963171435927/81feed9d37ad9b76664ad7a18ff3e65f.jpg", "name" : "45.jpg", "type" : "image/jpeg", "size" : 30264, "merchant(uz*R*id)" : null, "filename" : "45.jpg", "lastModifiedDate" : "Fri Dec 19 2014 13:30:10 GMT+0800 (CST)" }
{ "_id" : { "$oid" : "5493b8ad359e80f0699033d7" }, "createdAt" : { "$date" : "2014-12-19T13:33:33.427+0800" }, "updatedAt" : { "$date" : "2014-12-19T13:33:33.427+0800" }, "url" : "http://file.apicloud.com/mcm/A6963171435927/2200c8921be42ee2102e7b9caa6a9d16.jpg", "name" : "46.jpg", "type" : "image/jpeg", "size" : 7027, "merchant(uz*R*id)" : null, "filename" : "46.jpg", "lastModifiedDate" : "Fri Dec 19 2014 13:39:26 GMT+0800 (CST)" }
{ "_id" : { "$oid" : "5493bc29a4bec1ef696c720c" }, "createdAt" : { "$date" : "2014-12-19T13:48:25.994+0800" }, "updatedAt" : { "$date" : "2014-12-19T13:48:25.994+0800" }, "url" : "http://file.apicloud.com/mcm/A6963171435927/2dc7012bc4ee585191aed86b280fa107.jpg", "name" : "47.jpg", "type" : "image/jpeg", "size" : 22277, "merchant(uz*R*id)" : null, "filename" : "47.jpg", "lastModifiedDate" : "Fri Dec 19 2014 13:53:59 GMT+0800 (CST)" }
{ "_id" : { "$oid" : "5493bf048fbf84ed69b437f5" }, "createdAt" : { "$date" : "2014-12-19T14:00:36.045+0800" }, "updatedAt" : { "$date" : "2014-12-19T14:00:36.045+0800" }, "url" : "http://file.apicloud.com/mcm/A6963171435927/9c4ab809b0707476299fbc4ebeaf8cce.jpg", "name" : "48.jpg", "type" : "image/jpeg", "size" : 48711, "merchant(uz*R*id)" : null, "filename" : "48.jpg", "lastModifiedDate" : "Fri Dec 19 2014 14:06:24 GMT+0800 (CST)" }
{ "_id" : { "$oid" : "5493bf3aa4bec1ef696c7331" }, "createdAt" : { "$date" : "2014-12-19T14:01:30.629+0800" }, "updatedAt" : { "$date" : "2014-12-19T14:01:30.629+0800" }, "url" : "http://file.apicloud.com/mcm/A6963171435927/9c4ab809b0707476299fbc4ebeaf8cce.jpg", "name" : "48.jpg", "type" : "image/jpeg", "size" : 48711, "merchant(uz*R*id)" : null, "filename" : "48.jpg", "lastModifiedDate" : "Fri Dec 19 2014 14:06:24 GMT+0800 (CST)" }
{ "_id" : { "$oid" : "5493bf6711153af269460d97" }, "createdAt" : { "$date" : "2014-12-19T14:02:15.188+0800" }, "updatedAt" : { "$date" : "2014-12-19T14:02:15.188+0800" }, "url" : "http://file.apicloud.com/mcm/A6963171435927/35b2a822f062bc41946b00425b9fd086.jpg", "name" : "50.jpg", "type" : "image/jpeg", "size" : 53767, "merchant(uz*R*id)" : null, "filename" : "50.jpg", "lastModifiedDate" : "Fri Dec 19 2014 14:08:12 GMT+0800 (CST)" }
{ "_id" : { "$oid" : "5493bf7fa4bec1ef696c734e" }, "createdAt" : { "$date" : "2014-12-19T14:02:39.593+0800" }, "updatedAt" : { "$date" : "2014-12-19T14:02:39.593+0800" }, "url" : "http://file.apicloud.com/mcm/A6963171435927/35ba3bc9ef1194f4126053081b94431d.jpg", "name" : "51.jpg", "type" : "image/jpeg", "size" : 51823, "merchant(uz*R*id)" : null, "filename" : "51.jpg", "lastModifiedDate" : "Fri Dec 19 2014 14:08:36 GMT+0800 (CST)" }
{ "_id" : { "$oid" : "5493bfca8fbf84ed69b43848" }, "createdAt" : { "$date" : "2014-12-19T14:03:54.658+0800" }, "updatedAt" : { "$date" : "2014-12-19T14:03:54.658+0800" }, "url" : "http://file.apicloud.com/mcm/A6963171435927/fa571e2cf22948fb5a9f36f9b076ec92.jpg", "name" : "6.jpg", "type" : "image/jpeg", "size" : 72298, "merchant(uz*R*id)" : null, "filename" : "6.jpg", "lastModifiedDate" : "Wed Dec 17 2014 14:00:19 GMT+0800 (CST)" }
{ "_id" : { "$oid" : "5493c01aa4bec1ef696c737b" }, "createdAt" : { "$date" : "2014-12-19T14:05:14.147+0800" }, "updatedAt" : { "$date" : "2014-12-19T14:05:14.147+0800" }, "url" : "http://file.apicloud.com/mcm/A6963171435927/fb02f85abde1f20db9e976b7ba59e91a.jpg", "name" : "52.jpg", "type" : "image/jpeg", "size" : 43276, "merchant(uz*R*id)" : null, "filename" : "52.jpg", "lastModifiedDate" : "Fri Dec 19 2014 14:11:11 GMT+0800 (CST)" }
{ "_id" : { "$oid" : "5493c07e8fbf84ed69b4388e" }, "createdAt" : { "$date" : "2014-12-19T14:06:54.928+0800" }, "updatedAt" : { "$date" : "2014-12-19T14:06:54.928+0800" }, "url" : "http://file.apicloud.com/mcm/A6963171435927/fb02f85abde1f20db9e976b7ba59e91a.jpg", "name" : "52.jpg", "type" : "image/jpeg", "size" : 43276, "merchant(uz*R*id)" : null, "filename" : "52.jpg", "lastModifiedDate" : "Fri Dec 19 2014 14:11:11 GMT+0800 (CST)" }
{ "_id" : { "$oid" : "5493c083359e80f069903697" }, "createdAt" : { "$date" : "2014-12-19T14:06:59.453+0800" }, "updatedAt" : { "$date" : "2014-12-19T14:06:59.453+0800" }, "url" : "http://file.apicloud.com/mcm/A6963171435927/ddc3505029d4392616983b4d35a481c5.jpg", "name" : "53.jpg", "type" : "image/jpeg", "size" : 53656, "merchant(uz*R*id)" : null, "filename" : "53.jpg", "lastModifiedDate" : "Fri Dec 19 2014 14:11:30 GMT+0800 (CST)" }
{ "_id" : { "$oid" : "5493c087a4bec1ef696c7399" }, "createdAt" : { "$date" : "2014-12-19T14:07:03.252+0800" }, "updatedAt" : { "$date" : "2014-12-19T14:07:03.252+0800" }, "url" : "http://file.apicloud.com/mcm/A6963171435927/e4ba61501bbc2d5671fa43c8b487fb35.jpg", "name" : "54.jpg", "type" : "image/jpeg", "size" : 44426, "merchant(uz*R*id)" : null, "filename" : "54.jpg", "lastModifiedDate" : "Fri Dec 19 2014 14:11:45 GMT+0800 (CST)" }
{ "_id" : { "$oid" : "5493c0d5359e80f0699036b1" }, "createdAt" : { "$date" : "2014-12-19T14:08:21.294+0800" }, "updatedAt" : { "$date" : "2014-12-19T14:08:21.294+0800" }, "url" : "http://file.apicloud.com/mcm/A6963171435927/908da69c55d2b3bb065098a5c1f2f0c7.jpg", "name" : "55.jpg", "type" : "image/jpeg", "size" : 41914, "merchant(uz*R*id)" : null, "filename" : "55.jpg", "lastModifiedDate" : "Fri Dec 19 2014 14:13:33 GMT+0800 (CST)" }
{ "_id" : { "$oid" : "5493c0fea4bec1ef696c73c5" }, "createdAt" : { "$date" : "2014-12-19T14:09:02.941+0800" }, "updatedAt" : { "$date" : "2014-12-19T14:09:02.941+0800" }, "url" : "http://file.apicloud.com/mcm/A6963171435927/908da69c55d2b3bb065098a5c1f2f0c7.jpg", "name" : "55.jpg", "type" : "image/jpeg", "size" : 41914, "merchant(uz*R*id)" : null, "filename" : "55.jpg", "lastModifiedDate" : "Fri Dec 19 2014 14:13:33 GMT+0800 (CST)" }
{ "_id" : { "$oid" : "5493c10611153af269460e4e" }, "createdAt" : { "$date" : "2014-12-19T14:09:10.016+0800" }, "updatedAt" : { "$date" : "2014-12-19T14:09:10.016+0800" }, "url" : "http://file.apicloud.com/mcm/A6963171435927/9332fa4b05f9b9b4a753f254fec440a3.jpg", "name" : "56.jpg", "type" : "image/jpeg", "size" : 40946, "merchant(uz*R*id)" : null, "filename" : "56.jpg", "lastModifiedDate" : "Fri Dec 19 2014 14:13:50 GMT+0800 (CST)" }
{ "_id" : { "$oid" : "5493c10d11153af269460e53" }, "createdAt" : { "$date" : "2014-12-19T14:09:17.950+0800" }, "updatedAt" : { "$date" : "2014-12-19T14:09:17.950+0800" }, "url" : "http://file.apicloud.com/mcm/A6963171435927/908da69c55d2b3bb065098a5c1f2f0c7.jpg", "name" : "55.jpg", "type" : "image/jpeg", "size" : 41914, "merchant(uz*R*id)" : null, "filename" : "55.jpg", "lastModifiedDate" : "Fri Dec 19 2014 14:13:33 GMT+0800 (CST)" }
{ "_id" : { "$oid" : "5493c1138fbf84ed69b438df" }, "createdAt" : { "$date" : "2014-12-19T14:09:23.796+0800" }, "updatedAt" : { "$date" : "2014-12-19T14:09:23.796+0800" }, "url" : "http://file.apicloud.com/mcm/A6963171435927/9332fa4b05f9b9b4a753f254fec440a3.jpg", "name" : "56.jpg", "type" : "image/jpeg", "size" : 40946, "merchant(uz*R*id)" : null, "filename" : "56.jpg", "lastModifiedDate" : "Fri Dec 19 2014 14:13:50 GMT+0800 (CST)" }
{ "_id" : { "$oid" : "5493c117359e80f0699036c3" }, "createdAt" : { "$date" : "2014-12-19T14:09:27.596+0800" }, "updatedAt" : { "$date" : "2014-12-19T14:09:27.596+0800" }, "url" : "http://file.apicloud.com/mcm/A6963171435927/8419cc48e9d658b70a2d629f2603a717.jpg", "name" : "57.jpg", "type" : "image/jpeg", "size" : 42327, "merchant(uz*R*id)" : null, "filename" : "57.jpg", "lastModifiedDate" : "Fri Dec 19 2014 14:14:08 GMT+0800 (CST)" }
{ "_id" : { "$oid" : "5493c23211cc7ec8059871de" }, "createdAt" : { "$date" : "2014-12-19T14:14:10.050+0800" }, "updatedAt" : { "$date" : "2014-12-19T14:14:10.050+0800" }, "url" : "http://file.apicloud.com/mcm/A6963171435927/35b2a822f062bc41946b00425b9fd086.jpg", "name" : "50.jpg", "type" : "image/jpeg", "size" : 53767, "merchant(uz*R*id)" : "5493beaf8fbf84ed69b437d0", "filename" : "50.jpg", "lastModifiedDate" : "Fri Dec 19 2014 14:08:12 GMT+0800 (CST)" }
{ "_id" : { "$oid" : "5493c23811cc7ec8059871df" }, "createdAt" : { "$date" : "2014-12-19T14:14:16.162+0800" }, "updatedAt" : { "$date" : "2014-12-19T14:14:16.162+0800" }, "url" : "http://file.apicloud.com/mcm/A6963171435927/35ba3bc9ef1194f4126053081b94431d.jpg", "name" : "51.jpg", "type" : "image/jpeg", "size" : 51823, "merchant(uz*R*id)" : "5493beaf8fbf84ed69b437d0", "filename" : "51.jpg", "lastModifiedDate" : "Fri Dec 19 2014 14:08:36 GMT+0800 (CST)" }
{ "_id" : { "$oid" : "5493c25711cc7ec8059871e0" }, "createdAt" : { "$date" : "2014-12-19T14:14:47.740+0800" }, "updatedAt" : { "$date" : "2014-12-19T14:14:47.740+0800" }, "url" : "http://file.apicloud.com/mcm/A6963171435927/fb02f85abde1f20db9e976b7ba59e91a.jpg", "name" : "52.jpg", "type" : "image/jpeg", "size" : 43276, "merchant(uz*R*id)" : "5493bffa11153af269460dd5", "filename" : "52.jpg", "lastModifiedDate" : "Fri Dec 19 2014 14:11:11 GMT+0800 (CST)" }
{ "_id" : { "$oid" : "5493c25d11cc7ec8059871e1" }, "createdAt" : { "$date" : "2014-12-19T14:14:53.618+0800" }, "updatedAt" : { "$date" : "2014-12-19T14:14:53.618+0800" }, "url" : "http://file.apicloud.com/mcm/A6963171435927/ddc3505029d4392616983b4d35a481c5.jpg", "name" : "53.jpg", "type" : "image/jpeg", "size" : 53656, "merchant(uz*R*id)" : "5493bffa11153af269460dd5", "filename" : "53.jpg", "lastModifiedDate" : "Fri Dec 19 2014 14:11:30 GMT+0800 (CST)" }
{ "_id" : { "$oid" : "5493c26311cc7ec8059871e2" }, "createdAt" : { "$date" : "2014-12-19T14:14:59.123+0800" }, "updatedAt" : { "$date" : "2014-12-19T14:14:59.123+0800" }, "url" : "http://file.apicloud.com/mcm/A6963171435927/e4ba61501bbc2d5671fa43c8b487fb35.jpg", "name" : "54.jpg", "type" : "image/jpeg", "size" : 44426, "merchant(uz*R*id)" : "5493bffa11153af269460dd5", "filename" : "54.jpg", "lastModifiedDate" : "Fri Dec 19 2014 14:11:45 GMT+0800 (CST)" }
{ "_id" : { "$oid" : "5493c26d11cc7ec8059871e3" }, "createdAt" : { "$date" : "2014-12-19T14:15:09.156+0800" }, "updatedAt" : { "$date" : "2014-12-19T14:15:09.156+0800" }, "url" : "http://file.apicloud.com/mcm/A6963171435927/908da69c55d2b3bb065098a5c1f2f0c7.jpg", "name" : "55.jpg", "type" : "image/jpeg", "size" : 41914, "merchant(uz*R*id)" : "5493c0d58fbf84ed69b438c2", "filename" : "55.jpg", "lastModifiedDate" : "Fri Dec 19 2014 14:13:33 GMT+0800 (CST)" }
{ "_id" : { "$oid" : "5493c27411cc7ec8059871e4" }, "createdAt" : { "$date" : "2014-12-19T14:15:16.245+0800" }, "updatedAt" : { "$date" : "2014-12-19T14:15:16.245+0800" }, "url" : "http://file.apicloud.com/mcm/A6963171435927/9332fa4b05f9b9b4a753f254fec440a3.jpg", "name" : "56.jpg", "type" : "image/jpeg", "size" : 40946, "merchant(uz*R*id)" : "5493c0d58fbf84ed69b438c2", "filename" : "56.jpg", "lastModifiedDate" : "Fri Dec 19 2014 14:13:50 GMT+0800 (CST)" }
{ "_id" : { "$oid" : "5493c27b11cc7ec8059871e5" }, "createdAt" : { "$date" : "2014-12-19T14:15:23.427+0800" }, "updatedAt" : { "$date" : "2014-12-19T14:15:23.427+0800" }, "url" : "http://file.apicloud.com/mcm/A6963171435927/8419cc48e9d658b70a2d629f2603a717.jpg", "name" : "57.jpg", "type" : "image/jpeg", "size" : 42327, "merchant(uz*R*id)" : "5493c0d58fbf84ed69b438c2", "filename" : "57.jpg", "lastModifiedDate" : "Fri Dec 19 2014 14:14:08 GMT+0800 (CST)" }
{ "_id" : { "$oid" : "5493c2e811cc7ec8059871e7" }, "createdAt" : { "$date" : "2014-12-19T14:17:12.787+0800" }, "updatedAt" : { "$date" : "2014-12-19T14:17:12.787+0800" }, "url" : "http://file.apicloud.com/mcm/A6963171435927/d46d8e330b3aa64c5691a06869515480.jpg", "name" : "58.jpg", "type" : "image/jpeg", "size" : 33743, "merchant(uz*R*id)" : null, "filename" : "58.jpg", "lastModifiedDate" : "Fri Dec 19 2014 14:20:38 GMT+0800 (CST)" }
{ "_id" : { "$oid" : "5493c31a11cc7ec8059871e8" }, "createdAt" : { "$date" : "2014-12-19T14:18:02.787+0800" }, "updatedAt" : { "$date" : "2014-12-19T14:18:02.787+0800" }, "url" : "http://file.apicloud.com/mcm/A6963171435927/d46d8e330b3aa64c5691a06869515480.jpg", "name" : "58.jpg", "type" : "image/jpeg", "size" : 33743, "merchant(uz*R*id)" : "5493c2aa11cc7ec8059871e6", "filename" : "58.jpg", "lastModifiedDate" : "Fri Dec 19 2014 14:20:38 GMT+0800 (CST)" }
{ "_id" : { "$oid" : "5493c31f11cc7ec8059871e9" }, "createdAt" : { "$date" : "2014-12-19T14:18:07.639+0800" }, "updatedAt" : { "$date" : "2014-12-19T14:18:07.639+0800" }, "url" : "http://file.apicloud.com/mcm/A6963171435927/74021417cf6f8252031a472ed9602541.jpg", "name" : "59.jpg", "type" : "image/jpeg", "size" : 36312, "merchant(uz*R*id)" : "5493c2aa11cc7ec8059871e6", "filename" : "59.jpg", "lastModifiedDate" : "Fri Dec 19 2014 14:21:13 GMT+0800 (CST)" }
{ "_id" : { "$oid" : "5493c32311cc7ec8059871ea" }, "createdAt" : { "$date" : "2014-12-19T14:18:11.040+0800" }, "updatedAt" : { "$date" : "2014-12-19T14:18:11.040+0800" }, "url" : "http://file.apicloud.com/mcm/A6963171435927/8be7da3ffa4393bbaa315010857baf97.jpg", "name" : "60.jpg", "type" : "image/jpeg", "size" : 43704, "merchant(uz*R*id)" : "5493c2aa11cc7ec8059871e6", "filename" : "60.jpg", "lastModifiedDate" : "Fri Dec 19 2014 14:21:29 GMT+0800 (CST)" }
{ "_id" : { "$oid" : "5493c3de11cc7ec8059871ec" }, "createdAt" : { "$date" : "2014-12-19T14:21:18.237+0800" }, "updatedAt" : { "$date" : "2014-12-19T14:21:18.237+0800" }, "url" : "http://file.apicloud.com/mcm/A6963171435927/80f516459579df56da653c135656e359.jpg", "name" : "61.jpg", "type" : "image/jpeg", "size" : 50205, "merchant(uz*R*id)" : null, "filename" : "61.jpg", "lastModifiedDate" : "Fri Dec 19 2014 14:23:58 GMT+0800 (CST)" }
{ "_id" : { "$oid" : "5493c3e411cc7ec8059871ed" }, "createdAt" : { "$date" : "2014-12-19T14:21:24.620+0800" }, "updatedAt" : { "$date" : "2014-12-19T14:21:24.620+0800" }, "url" : "http://file.apicloud.com/mcm/A6963171435927/80f516459579df56da653c135656e359.jpg", "name" : "61.jpg", "type" : "image/jpeg", "size" : 50205, "merchant(uz*R*id)" : "5493c34311cc7ec8059871eb", "filename" : "61.jpg", "lastModifiedDate" : "Fri Dec 19 2014 14:23:58 GMT+0800 (CST)" }
{ "_id" : { "$oid" : "5493c3e811cc7ec8059871ee" }, "createdAt" : { "$date" : "2014-12-19T14:21:28.422+0800" }, "updatedAt" : { "$date" : "2014-12-19T14:21:28.422+0800" }, "url" : "http://file.apicloud.com/mcm/A6963171435927/5e4c20688b87415b29219dc4c666d8aa.jpg", "name" : "62.jpg", "type" : "image/jpeg", "size" : 59404, "merchant(uz*R*id)" : "5493c34311cc7ec8059871eb", "filename" : "62.jpg", "lastModifiedDate" : "Fri Dec 19 2014 14:24:22 GMT+0800 (CST)" }
{ "_id" : { "$oid" : "5493c3ed11cc7ec8059871ef" }, "createdAt" : { "$date" : "2014-12-19T14:21:33.884+0800" }, "updatedAt" : { "$date" : "2014-12-19T14:21:33.884+0800" }, "url" : "http://file.apicloud.com/mcm/A6963171435927/a75e3cc1561d30f6d9e2fee2f51235f7.jpg", "name" : "63.jpg", "type" : "image/jpeg", "size" : 51321, "merchant(uz*R*id)" : "5493c34311cc7ec8059871eb", "filename" : "63.jpg", "lastModifiedDate" : "Fri Dec 19 2014 14:24:37 GMT+0800 (CST)" }
{ "_id" : { "$oid" : "5493c4dc11cc7ec8059871f1" }, "createdAt" : { "$date" : "2014-12-19T14:25:32.983+0800" }, "updatedAt" : { "$date" : "2014-12-19T14:25:32.983+0800" }, "url" : "http://file.apicloud.com/mcm/A6963171435927/356302f8e875e0a5f18fd3e08b09bd71.jpg", "name" : "64.jpg", "type" : "image/jpeg", "size" : 49836, "merchant(uz*R*id)" : null, "filename" : "64.jpg", "lastModifiedDate" : "Fri Dec 19 2014 14:26:46 GMT+0800 (CST)" }
{ "_id" : { "$oid" : "5493c50853e61ac305e82687" }, "createdAt" : { "$date" : "2014-12-19T14:26:16.375+0800" }, "updatedAt" : { "$date" : "2014-12-19T14:26:16.375+0800" }, "url" : "http://file.apicloud.com/mcm/A6963171435927/356302f8e875e0a5f18fd3e08b09bd71.jpg", "name" : "64.jpg", "type" : "image/jpeg", "size" : 49836, "merchant(uz*R*id)" : "5493c41111cc7ec8059871f0", "filename" : "64.jpg", "lastModifiedDate" : "Fri Dec 19 2014 14:26:46 GMT+0800 (CST)" }
{ "_id" : { "$oid" : "5493c51053e61ac305e82688" }, "createdAt" : { "$date" : "2014-12-19T14:26:24.167+0800" }, "updatedAt" : { "$date" : "2014-12-19T14:26:24.167+0800" }, "url" : "http://file.apicloud.com/mcm/A6963171435927/e2e17ed71f32be75d28d01fce6d91b61.jpg", "name" : "65.jpg", "type" : "image/jpeg", "size" : 50651, "merchant(uz*R*id)" : "5493c41111cc7ec8059871f0", "filename" : "65.jpg", "lastModifiedDate" : "Fri Dec 19 2014 14:28:33 GMT+0800 (CST)" }
{ "_id" : { "$oid" : "5493c51453e61ac305e82689" }, "createdAt" : { "$date" : "2014-12-19T14:26:28.068+0800" }, "updatedAt" : { "$date" : "2014-12-19T14:26:28.068+0800" }, "url" : "http://file.apicloud.com/mcm/A6963171435927/15c1f2337850d93234f1817755ee1cd6.jpg", "name" : "66.jpg", "type" : "image/jpeg", "size" : 54605, "merchant(uz*R*id)" : "5493c41111cc7ec8059871f0", "filename" : "66.jpg", "lastModifiedDate" : "Fri Dec 19 2014 14:28:50 GMT+0800 (CST)" }
{ "_id" : { "$oid" : "5493c5d153e61ac305e8268b" }, "createdAt" : { "$date" : "2014-12-19T14:29:37.514+0800" }, "updatedAt" : { "$date" : "2014-12-19T14:29:37.514+0800" }, "url" : "http://file.apicloud.com/mcm/A6963171435927/90223c898c338ba88302fb85d3bf8b73.jpg", "name" : "67.jpg", "type" : "image/jpeg", "size" : 47756, "merchant(uz*R*id)" : null, "filename" : "67.jpg", "lastModifiedDate" : "Fri Dec 19 2014 14:32:14 GMT+0800 (CST)" }
{ "_id" : { "$oid" : "5493c5d853e61ac305e8268c" }, "createdAt" : { "$date" : "2014-12-19T14:29:44.447+0800" }, "updatedAt" : { "$date" : "2014-12-19T14:29:44.447+0800" }, "url" : "http://file.apicloud.com/mcm/A6963171435927/90223c898c338ba88302fb85d3bf8b73.jpg", "name" : "67.jpg", "type" : "image/jpeg", "size" : 47756, "merchant(uz*R*id)" : "5493c54d53e61ac305e8268a", "filename" : "67.jpg", "lastModifiedDate" : "Fri Dec 19 2014 14:32:14 GMT+0800 (CST)" }
{ "_id" : { "$oid" : "5493c5fa53e61ac305e8268d" }, "createdAt" : { "$date" : "2014-12-19T14:30:18.046+0800" }, "updatedAt" : { "$date" : "2014-12-19T14:30:18.046+0800" }, "url" : "http://file.apicloud.com/mcm/A6963171435927/35a48283f3b117c35ef31b132789f6c7.jpg", "name" : "68.jpg", "type" : "image/jpeg", "size" : 69689, "merchant(uz*R*id)" : "5493c54d53e61ac305e8268a", "filename" : "68.jpg", "lastModifiedDate" : "Fri Dec 19 2014 14:32:32 GMT+0800 (CST)" }
{ "_id" : { "$oid" : "5493c5fe53e61ac305e8268e" }, "createdAt" : { "$date" : "2014-12-19T14:30:22.443+0800" }, "updatedAt" : { "$date" : "2014-12-19T14:30:22.443+0800" }, "url" : "http://file.apicloud.com/mcm/A6963171435927/dfe8f0a3d460ad98f8ac517a0450543e.jpg", "name" : "69.jpg", "type" : "image/jpeg", "size" : 43839, "merchant(uz*R*id)" : "5493c54d53e61ac305e8268a", "filename" : "69.jpg", "lastModifiedDate" : "Fri Dec 19 2014 14:33:01 GMT+0800 (CST)" }
{ "_id" : { "$oid" : "5493c71c11cc7ec8059871f2" }, "createdAt" : { "$date" : "2014-12-19T14:35:08.511+0800" }, "updatedAt" : { "$date" : "2014-12-19T14:35:08.511+0800" }, "url" : "http://file.apicloud.com/mcm/A6963171435927/29e3bf890d00c82a5acc7d56b3ae3978.jpg", "name" : "70.jpg", "type" : "image/jpeg", "size" : 40457, "merchant(uz*R*id)" : null, "filename" : "70.jpg", "lastModifiedDate" : "Fri Dec 19 2014 14:35:51 GMT+0800 (CST)" }
{ "_id" : { "$oid" : "5493c72411cc7ec8059871f3" }, "createdAt" : { "$date" : "2014-12-19T14:35:16.738+0800" }, "updatedAt" : { "$date" : "2014-12-19T14:35:16.738+0800" }, "url" : "http://file.apicloud.com/mcm/A6963171435927/29e3bf890d00c82a5acc7d56b3ae3978.jpg", "name" : "70.jpg", "type" : "image/jpeg", "size" : 40457, "merchant(uz*R*id)" : "5493c61a53e61ac305e8268f", "filename" : "70.jpg", "lastModifiedDate" : "Fri Dec 19 2014 14:35:51 GMT+0800 (CST)" }
{ "_id" : { "$oid" : "5493c72811cc7ec8059871f4" }, "createdAt" : { "$date" : "2014-12-19T14:35:20.730+0800" }, "updatedAt" : { "$date" : "2014-12-19T14:35:20.730+0800" }, "url" : "http://file.apicloud.com/mcm/A6963171435927/d55421fd85c619fcd5fd8c3196da211c.jpg", "name" : "71.jpg", "type" : "image/jpeg", "size" : 29378, "merchant(uz*R*id)" : "5493c61a53e61ac305e8268f", "filename" : "71.jpg", "lastModifiedDate" : "Fri Dec 19 2014 14:38:12 GMT+0800 (CST)" }
{ "_id" : { "$oid" : "5493c72c11cc7ec8059871f5" }, "createdAt" : { "$date" : "2014-12-19T14:35:24.412+0800" }, "updatedAt" : { "$date" : "2014-12-19T14:35:24.412+0800" }, "url" : "http://file.apicloud.com/mcm/A6963171435927/48ce293d63aecb18152fcc25e5415745.jpg", "name" : "72.jpg", "type" : "image/jpeg", "size" : 28115, "merchant(uz*R*id)" : "5493c61a53e61ac305e8268f", "filename" : "72.jpg", "lastModifiedDate" : "Fri Dec 19 2014 14:38:28 GMT+0800 (CST)" }
{ "_id" : { "$oid" : "5493c7ac11cc7ec8059871f7" }, "createdAt" : { "$date" : "2014-12-19T14:37:32.953+0800" }, "updatedAt" : { "$date" : "2014-12-19T14:37:32.953+0800" }, "url" : "http://file.apicloud.com/mcm/A6963171435927/31e5ff6461e3c5fc007e71635cfae370.jpg", "name" : "73.jpg", "type" : "image/jpeg", "size" : 56764, "merchant(uz*R*id)" : null, "filename" : "73.jpg", "lastModifiedDate" : "Fri Dec 19 2014 14:40:27 GMT+0800 (CST)" }
{ "_id" : { "$oid" : "5493c7b411cc7ec8059871f8" }, "createdAt" : { "$date" : "2014-12-19T14:37:40.946+0800" }, "updatedAt" : { "$date" : "2014-12-19T14:37:40.946+0800" }, "url" : "http://file.apicloud.com/mcm/A6963171435927/31e5ff6461e3c5fc007e71635cfae370.jpg", "name" : "73.jpg", "type" : "image/jpeg", "size" : 56764, "merchant(uz*R*id)" : "5493c75411cc7ec8059871f6", "filename" : "73.jpg", "lastModifiedDate" : "Fri Dec 19 2014 14:40:27 GMT+0800 (CST)" }
{ "_id" : { "$oid" : "5493c7b811cc7ec8059871f9" }, "createdAt" : { "$date" : "2014-12-19T14:37:44.672+0800" }, "updatedAt" : { "$date" : "2014-12-19T14:37:44.672+0800" }, "url" : "http://file.apicloud.com/mcm/A6963171435927/8e030a891f0305ba807d02315a3b8e19.jpg", "name" : "74.jpg", "type" : "image/jpeg", "size" : 45117, "merchant(uz*R*id)" : "5493c75411cc7ec8059871f6", "filename" : "74.jpg", "lastModifiedDate" : "Fri Dec 19 2014 14:40:44 GMT+0800 (CST)" }
{ "_id" : { "$oid" : "5493c7be11cc7ec8059871fa" }, "createdAt" : { "$date" : "2014-12-19T14:37:50.538+0800" }, "updatedAt" : { "$date" : "2014-12-19T14:37:50.538+0800" }, "url" : "http://file.apicloud.com/mcm/A6963171435927/a12ad00c3282016b51c4a9574f0a3c88.jpg", "name" : "75.jpg", "type" : "image/jpeg", "size" : 91131, "merchant(uz*R*id)" : "5493c75411cc7ec8059871f6", "filename" : "75.jpg", "lastModifiedDate" : "Fri Dec 19 2014 14:40:59 GMT+0800 (CST)" }
{ "_id" : { "$oid" : "5493ca41b45558c6052413ef" }, "createdAt" : { "$date" : "2014-12-19T14:48:33.481+0800" }, "updatedAt" : { "$date" : "2014-12-19T14:48:33.481+0800" }, "url" : "http://file.apicloud.com/mcm/A6963171435927/935c0f018973ceb5e232061b522e236f.jpg", "name" : "76.jpg", "type" : "image/jpeg", "size" : 30963, "merchant(uz*R*id)" : null, "filename" : "76.jpg", "lastModifiedDate" : "Fri Dec 19 2014 14:46:09 GMT+0800 (CST)" }
{ "_id" : { "$oid" : "5493ca4ab45558c6052413f0" }, "createdAt" : { "$date" : "2014-12-19T14:48:42.098+0800" }, "updatedAt" : { "$date" : "2014-12-19T14:48:42.098+0800" }, "url" : "http://file.apicloud.com/mcm/A6963171435927/935c0f018973ceb5e232061b522e236f.jpg", "name" : "76.jpg", "type" : "image/jpeg", "size" : 30963, "merchant(uz*R*id)" : "5493c8aeaa2e14c505ce933c", "filename" : "76.jpg", "lastModifiedDate" : "Fri Dec 19 2014 14:46:09 GMT+0800 (CST)" }
{ "_id" : { "$oid" : "5493ca50b45558c6052413f1" }, "createdAt" : { "$date" : "2014-12-19T14:48:48.307+0800" }, "updatedAt" : { "$date" : "2014-12-19T14:48:48.307+0800" }, "url" : "http://file.apicloud.com/mcm/A6963171435927/bbbf98766e45aeff57aa201db223638b.jpg", "name" : "77.jpg", "type" : "image/jpeg", "size" : 47163, "merchant(uz*R*id)" : "5493c8aeaa2e14c505ce933c", "filename" : "77.jpg", "lastModifiedDate" : "Fri Dec 19 2014 14:46:35 GMT+0800 (CST)" }
{ "_id" : { "$oid" : "5493ca54b45558c6052413f2" }, "createdAt" : { "$date" : "2014-12-19T14:48:52.579+0800" }, "updatedAt" : { "$date" : "2014-12-19T14:48:52.579+0800" }, "url" : "http://file.apicloud.com/mcm/A6963171435927/de5dae1506e0d2b516e881c54667e1d3.jpg", "name" : "78.jpg", "type" : "image/jpeg", "size" : 32293, "merchant(uz*R*id)" : "5493c8aeaa2e14c505ce933c", "filename" : "78.jpg", "lastModifiedDate" : "Fri Dec 19 2014 14:46:52 GMT+0800 (CST)" }
{ "_id" : { "$oid" : "5493caccb45558c6052413f4" }, "createdAt" : { "$date" : "2014-12-19T14:50:52.591+0800" }, "updatedAt" : { "$date" : "2014-12-19T14:50:52.591+0800" }, "url" : "http://file.apicloud.com/mcm/A6963171435927/157b5a655ca2ea8c0fdbc92a82e82e24.jpg", "name" : "79.jpg", "type" : "image/jpeg", "size" : 51995, "merchant(uz*R*id)" : null, "filename" : "79.jpg", "lastModifiedDate" : "Fri Dec 19 2014 14:53:42 GMT+0800 (CST)" }
{ "_id" : { "$oid" : "5493cad4b45558c6052413f5" }, "createdAt" : { "$date" : "2014-12-19T14:51:00.231+0800" }, "updatedAt" : { "$date" : "2014-12-19T14:51:00.231+0800" }, "url" : "http://file.apicloud.com/mcm/A6963171435927/157b5a655ca2ea8c0fdbc92a82e82e24.jpg", "name" : "79.jpg", "type" : "image/jpeg", "size" : 51995, "merchant(uz*R*id)" : "5493ca76b45558c6052413f3", "filename" : "79.jpg", "lastModifiedDate" : "Fri Dec 19 2014 14:53:42 GMT+0800 (CST)" }
{ "_id" : { "$oid" : "5493cad8b45558c6052413f6" }, "createdAt" : { "$date" : "2014-12-19T14:51:04.169+0800" }, "updatedAt" : { "$date" : "2014-12-19T14:51:04.169+0800" }, "url" : "http://file.apicloud.com/mcm/A6963171435927/b59b7c21b27ee886621260739ebad247.jpg", "name" : "80.jpg", "type" : "image/jpeg", "size" : 25878, "merchant(uz*R*id)" : "5493ca76b45558c6052413f3", "filename" : "80.jpg", "lastModifiedDate" : "Fri Dec 19 2014 14:54:03 GMT+0800 (CST)" }
{ "_id" : { "$oid" : "5493cadbb45558c6052413f7" }, "createdAt" : { "$date" : "2014-12-19T14:51:07.906+0800" }, "updatedAt" : { "$date" : "2014-12-19T14:51:07.906+0800" }, "url" : "http://file.apicloud.com/mcm/A6963171435927/13eebc0e416e9e05014cf430a02b42f4.jpg", "name" : "81.jpg", "type" : "image/jpeg", "size" : 30957, "merchant(uz*R*id)" : "5493ca76b45558c6052413f3", "filename" : "81.jpg", "lastModifiedDate" : "Fri Dec 19 2014 14:54:20 GMT+0800 (CST)" }
