{ "_id" : { "$oid" : "5491433b7a8e241b335b5fa8" }, "name" : "美洲豹自助餐厅", "createdAt" : { "$date" : "2014-12-17T16:47:55.777+0800" }, "updatedAt" : { "$date" : "2014-12-19T15:01:04.557+0800" }, "merFav(uz*R*id)" : null, "tabBar(uz*R*id)" : null, "type(uz*R*id)" : "549140c32c1ea1461e338b88", "city" : "549147e64840b21933c434a6", "img" : { "url" : "http://file.apicloud.com/mcm/A6963171435927/fa571e2cf22948fb5a9f36f9b076ec92.jpg", "name" : "6.jpg", "id" : "54927adb879ce84f4a5ceb3e" }, "address" : "五道营胡同2号 （近雍和宫桥） ", "openingHours" : "09: 00 -- 22: 00", "tel" : " 0356-4228771", "type" : "549309ab359e80f0698ff759", "category" : "2" }
{ "_id" : { "$oid" : "5493beaf8fbf84ed69b437d0" }, "name" : "泉碗香黄焖鸡米饭", "img" : { "url" : "http://file.apicloud.com/mcm/A6963171435927/9c4ab809b0707476299fbc4ebeaf8cce.jpg", "name" : "48.jpg", "id" : "5493bf048fbf84ed69b437f5" }, "tel" : " 0356-4228771", "address" : "海淀区龙翔路32号（国安剧院往东100米路南）", "openingHours" : "09: 00 -- 22: 00", "category" : "1", "createdAt" : { "$date" : "2014-12-19T13:59:11.341+0800" }, "updatedAt" : { "$date" : "2014-12-19T15:00:39.365+0800" }, "merFav(uz*R*id)" : null, "tabBar(uz*R*id)" : null, "city" : "549147f54840b21933c434a7", "type" : "549140ae2c1ea1461e338b87" }
{ "_id" : { "$oid" : "5493bffa11153af269460dd5" }, "name" : "陈阿婆特色鱼火锅", "img" : { "url" : "http://file.apicloud.com/mcm/A6963171435927/fb02f85abde1f20db9e976b7ba59e91a.jpg", "name" : "52.jpg", "id" : "5493c01aa4bec1ef696c737b" }, "tel" : " 0356-4228771", "address" : "海淀区花园路中城写字楼2层", "openingHours" : "09: 00 -- 22: 00", "category" : "3", "createdAt" : { "$date" : "2014-12-19T14:04:42.538+0800" }, "updatedAt" : { "$date" : "2014-12-19T15:01:42.751+0800" }, "merFav(uz*R*id)" : null, "tabBar(uz*R*id)" : null, "city" : "549147f54840b21933c434a7", "type" : "54930b2511153af26945c5b7" }
{ "_id" : { "$oid" : "5493c0d58fbf84ed69b438c2" }, "name" : "老王家驴肉馆", "img" : { "url" : "http://file.apicloud.com/mcm/A6963171435927/908da69c55d2b3bb065098a5c1f2f0c7.jpg", "name" : "55.jpg", "id" : "5493c0d5359e80f0699036b1" }, "tel" : " 0356-4228771", "address" : "海淀区龙翔路30号（近高德大厦）", "openingHours" : "09: 00 -- 22: 00", "category" : "1", "createdAt" : { "$date" : "2014-12-19T14:08:21.356+0800" }, "updatedAt" : { "$date" : "2014-12-19T15:00:38.301+0800" }, "merFav(uz*R*id)" : null, "tabBar(uz*R*id)" : null, "city" : "549147e64840b21933c434a6", "type" : "549140ae2c1ea1461e338b87" }
{ "_id" : { "$oid" : "5493c2aa11cc7ec8059871e6" }, "name" : "北平楼", "img" : { "url" : "http://file.apicloud.com/mcm/A6963171435927/d46d8e330b3aa64c5691a06869515480.jpg", "name" : "58.jpg", "id" : "5493c2e811cc7ec8059871e7" }, "tel" : " 0356-4228771", "address" : "海淀区牡丹园西里16号楼（近仰源大厦）", "openingHours" : "09: 00 -- 22: 00", "category" : "1", "createdAt" : { "$date" : "2014-12-19T14:16:10.426+0800" }, "updatedAt" : { "$date" : "2014-12-19T15:00:51.867+0800" }, "merFav(uz*R*id)" : null, "tabBar(uz*R*id)" : null, "city" : "549147f54840b21933c434a7", "type" : "549140c32c1ea1461e338b88" }
{ "_id" : { "$oid" : "5493c34311cc7ec8059871eb" }, "name" : "中央红烤肉涮肉自助", "img" : { "url" : "http://file.apicloud.com/mcm/A6963171435927/80f516459579df56da653c135656e359.jpg", "name" : "61.jpg", "id" : "5493c3de11cc7ec8059871ec" }, "tel" : " 0356-4228771", "address" : "海淀区花园北路甲12号楼（北四环健德门桥西北角龙翔路龙翔市场南50米）", "openingHours" : "09: 00 -- 22: 00", "category" : "1", "createdAt" : { "$date" : "2014-12-19T14:18:43.892+0800" }, "updatedAt" : { "$date" : "2014-12-19T15:00:53.255+0800" }, "merFav(uz*R*id)" : null, "tabBar(uz*R*id)" : null, "city" : "549147e64840b21933c434a6", "type" : "549140c32c1ea1461e338b88" }
{ "_id" : { "$oid" : "5493c41111cc7ec8059871f0" }, "name" : "辣尚瘾", "img" : { "url" : "http://file.apicloud.com/mcm/A6963171435927/356302f8e875e0a5f18fd3e08b09bd71.jpg", "name" : "64.jpg", "id" : "5493c4dc11cc7ec8059871f1" }, "tel" : " 0356-4228771", "address" : "海淀区花园路2号翠微百货北门牡丹园餐饮街（翠微大厦对面）", "openingHours" : "09: 00 -- 22: 00", "category" : "2", "createdAt" : { "$date" : "2014-12-19T14:22:09.626+0800" }, "updatedAt" : { "$date" : "2014-12-19T15:01:15.250+0800" }, "merFav(uz*R*id)" : null, "tabBar(uz*R*id)" : null, "city" : "549147f54840b21933c434a7", "type" : "549309ab359e80f0698ff759" }
{ "_id" : { "$oid" : "5493c54d53e61ac305e8268a" }, "name" : "巴依老爷新疆美食", "img" : { "url" : "http://file.apicloud.com/mcm/A6963171435927/90223c898c338ba88302fb85d3bf8b73.jpg", "name" : "67.jpg", "id" : "5493c5d153e61ac305e8268b" }, "tel" : " 0356-4228771", "address" : "海淀区龙翔路甲1号", "openingHours" : "09: 00 -- 22: 00", "category" : "2", "createdAt" : { "$date" : "2014-12-19T14:27:25.356+0800" }, "updatedAt" : { "$date" : "2014-12-19T15:01:34.538+0800" }, "merFav(uz*R*id)" : null, "tabBar(uz*R*id)" : null, "city" : "549147f54840b21933c434a7", "type" : "549309bb11153af26945c510" }
{ "_id" : { "$oid" : "5493c61a53e61ac305e8268f" }, "name" : "辣婆婆", "img" : { "url" : "http://file.apicloud.com/mcm/A6963171435927/29e3bf890d00c82a5acc7d56b3ae3978.jpg", "name" : "70.jpg", "id" : "5493c71c11cc7ec8059871f2" }, "tel" : " 0356-4228771", "address" : "海淀区北土城西路牡丹园西", "openingHours" : "09: 00 -- 22: 00", "category" : "2", "createdAt" : { "$date" : "2014-12-19T14:30:50.465+0800" }, "updatedAt" : { "$date" : "2014-12-19T15:01:35.797+0800" }, "merFav(uz*R*id)" : null, "tabBar(uz*R*id)" : null, "city" : "549147e64840b21933c434a6", "type" : "549309bb11153af26945c510" }
{ "_id" : { "$oid" : "5493c75411cc7ec8059871f6" }, "name" : "风波庄", "img" : { "url" : "http://file.apicloud.com/mcm/A6963171435927/31e5ff6461e3c5fc007e71635cfae370.jpg", "name" : "73.jpg", "id" : "5493c7ac11cc7ec8059871f7" }, "tel" : " 0356-4228771", "address" : "海淀区龙翔路1号底商（国安剧院路口向东700米路南）", "openingHours" : "09: 00 -- 22: 00", "category" : "3", "createdAt" : { "$date" : "2014-12-19T14:36:04.628+0800" }, "updatedAt" : { "$date" : "2014-12-19T15:01:43.642+0800" }, "merFav(uz*R*id)" : null, "tabBar(uz*R*id)" : null, "city" : "549147e64840b21933c434a6", "type" : "54930b2511153af26945c5b7" }
{ "_id" : { "$oid" : "5493c8aeaa2e14c505ce933c" }, "name" : "伊尹海参馆", "img" : { "url" : "http://file.apicloud.com/mcm/A6963171435927/935c0f018973ceb5e232061b522e236f.jpg", "name" : "76.jpg", "id" : "5493ca41b45558c6052413ef" }, "tel" : " 0356-4228771", "address" : "海淀区花园东路30号花园饭店东楼", "openingHours" : "09: 00 -- 22: 00", "category" : "3", "createdAt" : { "$date" : "2014-12-19T14:41:50.810+0800" }, "updatedAt" : { "$date" : "2014-12-19T15:01:49.242+0800" }, "merFav(uz*R*id)" : null, "tabBar(uz*R*id)" : null, "city" : "549147e64840b21933c434a6", "type" : "54930eb211153af26945c749" }
{ "_id" : { "$oid" : "5493ca76b45558c6052413f3" }, "name" : "牡丹宾馆餐厅", "img" : { "url" : "http://file.apicloud.com/mcm/A6963171435927/157b5a655ca2ea8c0fdbc92a82e82e24.jpg", "name" : "79.jpg", "id" : "5493caccb45558c6052413f4" }, "tel" : " 0356-4228771", "address" : "海淀区牡丹园花园东路31号3号楼牡丹宾馆", "openingHours" : "09: 00 -- 22: 00", "category" : "3", "createdAt" : { "$date" : "2014-12-19T14:49:26.835+0800" }, "updatedAt" : { "$date" : "2014-12-19T15:01:50.533+0800" }, "merFav(uz*R*id)" : null, "tabBar(uz*R*id)" : null, "city" : "549147e64840b21933c434a6", "type" : "54930eb211153af26945c749" }
