{ "_id" : { "$oid" : "5490e5feedb9860731f55d07" }, "type" : "p", "title" : "朝鲜代表团抵仁川美女多", "summary" : "朝鲜第二批代表团抵达仁川，韩国媒体称美女好多！", "img" : { "url" : "http://file.apicloud.com/mcm/A6963171435927/76e1f70be6e60a2bae40a53a626d1f23.jpg", "name" : "6.jpg", "id" : "5490e617edb9860731f55d08" }, "content" : "韩国时间9月16日，朝鲜代表团抵达仁川，本次朝鲜将派出150名运动员参赛，在94名先遣队中包括了部分领导干部、评审团、医疗人员、记者团等人员。韩国《朝鲜日报》感慨：全是美女！", "from" : "韩国《朝鲜日报》", "source" : null, "createdAt" : { "$date" : "2014-12-17T10:10:06.051+0800" }, "updatedAt" : { "$date" : "2014-12-19T13:49:06.538+0800" }, "tabBar(uz*R*id)" : "548ec1f272c60e937d21c8cf", "pics" : "http://file.apicloud.com/mcm/A6965864070945/d51b09421c386d11be1b608dfb23b7a5.jpg,http://file.apicloud.com/mcm/A6965864070945/b60a190fd4c4bb4f6ecaa3869f03c4f0.jpg,http://file.apicloud.com/mcm/A6965864070945/004e2f00b0b1b9a6378b4636863e58a2.jpg,http://file.apicloud.com/mcm/A6965864070945/a6a755901721c49c975d6451015aad37.jpg,http://file.apicloud.com/mcm/A6965864070945/3ead15b5df355fa41fc105ea38b4483f.jpg", "date" : "2014-12-19" }
{ "_id" : { "$oid" : "5490e72b38834505316fb4af" }, "type" : "v", "title" : "详解中超后6轮保级战", "summary" : "北京时间9月17日，中超第18轮补赛哈尔滨毅腾主场1-2...", "img" : { "url" : "http://file.apicloud.com/mcm/A6963171435927/dc0ca7ac05b4f1a19831a3b1fed8b831.jpg", "name" : "5.jpg", "id" : "5490e73c38834505316fb4b0" }, "content" : "<p>北京时间9月17日，中超第18轮补赛哈尔滨毅腾主场1-2不敌江苏舜天，落后倒数第2名河南建业队4分位居联赛副班长。在还剩6轮的情况下，哈尔滨、河南、辽宁、大连、申鑫都留有落入降级圈，跌入中甲的可能性，其中哈尔滨毅腾队可谓最为危急。</p>", "from" : "新浪视频", "source" : "http://file.apicloud.com/mcm/A6965864070945/f4d1c4471a8ddfdc4044783ad9875f0f.mp4", "createdAt" : { "$date" : "2014-12-17T10:15:07.929+0800" }, "updatedAt" : { "$date" : "2014-12-19T13:49:05.264+0800" }, "tabBar(uz*R*id)" : "548ec1f272c60e937d21c8cf", "date" : "2014-12-19", "pics" : "http://file.apicloud.com/mcm/A6965864070945/fe135191d43a94c4af1314fa3e00adb0.jpg" }
{ "_id" : { "$oid" : "5490e7a6edb9860731f55d09" }, "type" : "t", "title" : "iOS 8系统正式版升级指南", "summary" : "公司iOS 8系统最早于今年6月的苹果开发者大会上发布，此前已经有多个...", "img" : { "url" : "http://file.apicloud.com/mcm/A6963171435927/910516ed4d313d6492a253ba336bc687.jpg", "name" : "4.jpg", "id" : "5490e7bcedb9860731f55d0a" }, "content" : "<p>新浪手机讯 9月18日上午消息，苹果公司iOS 8系统最早于今年6月的苹果开发者大会上发布，此前已经有多个面向开发者的测试版，今天上线的，才是面向一般用户的正式版本。</p> <p> 很多用户目前还没有升级，此前也没接触过iOS 8。那么在升级前，新浪手机就为还不了解这个系统的用户说说iOS 8的功能特点，以及如何升级。</p> <p> 1.什么设备可以升级？ <br>　  iPhone：iPhone 4s、iPhone 5、iPhone 5c、iPhone 5s、（以及iPhone 6和6 Plus）<br> iPad：iPad 2、iPad 3、iPad 4、iPad Air、iPad mini、iPad mini 2<br> 　　  iPod：iPod touch第5代 <br>　　  但注意的是，不是所有设备的功能支持和使用体验都一样，其实这在苹果iOS系统上已经是常态，例如旧设备的流畅度不够或者功能减小。不过主要功能都会保留。对比安卓系统，一个2014年的新系统，仍可以支持2011年发布的iPhone，已经可以接受了。 </p> <p>2.如何升级？<br> 　　  比较简单的办法是在设备上直接无线升级(OTA)，在iOS设备上打开“设置”-“通用”-“软件升级”即可，但要留出一定空间，iOS 8更新需要的可用空间为大约6GB，设备的型号不同，空间需求也各不相同，例如iPhone 5s需要5.8GB，在升级前必须必在设备上留出足够空间。 　　 除了OTA升级，也可以连接电脑，打开iTunes升级，连接后会弹出有新版本，更新即可。 　　 虽然以上两种方式都不会丢失资料，但新浪手机仍强烈建议您在升级前备份好自己的资料，以防万一。 　　 至于已经越狱的用户，需要备份所有资料后连接iTunes进行DFU升级，同时请注意iOS 8还不能越狱。 　　 </p> <p>3.为何升级：iOS 8有什么好？<br> iOS 8与上一代iOS 7的界面基本相同，但是对一些常用功能进行了大幅改进。<br> 　　  顶部通知栏增强互动性：以短信应用为例，用户在收到一条短信时，可以直接在通知栏里进行回复，而不用再进入短信应用界面。其他应用也是类似。<br> 　　  照片功能：照片应用加入了搜索；照片流与本地相册合二为一(删除照片会提示在照片流中也删除)；并可以用智能相簿功能来整理；照片编辑工具增加，用户可以对图片进行“智能编辑”，或手动调整图片的多个参数，比如曝光度、对比度、亮度等；拍照时候也加入了延时摄影功能。<br> 　　  短信可发语音：在最新的移动系统中，苹果公司花了许多力气改进iOS 8的短信功能。用户可以使用短信直接发语音短信，还能发送语音和视频，利用iMessage发起群聊等，这功能是不是很像微信？ </p>", "from" : "新浪手机", "source" : null, "createdAt" : { "$date" : "2014-12-17T10:17:10.451+0800" }, "updatedAt" : { "$date" : "2014-12-19T13:49:04.820+0800" }, "tabBar(uz*R*id)" : "548ec1f272c60e937d21c8cf", "date" : "2014-12-19", "pics" : "http://file.apicloud.com/mcm/A6965864070945/d51b09421c386d11be1b608dfb23b7a5.jpg,http://file.apicloud.com/mcm/A6965864070945/b60a190fd4c4bb4f6ecaa3869f03c4f0.jpg,http://file.apicloud.com/mcm/A6965864070945/004e2f00b0b1b9a6378b4636863e58a2.jpg,http://file.apicloud.com/mcm/A6965864070945/a6a755901721c49c975d6451015aad37.jpg,http://file.apicloud.com/mcm/A6965864070945/3ead15b5df355fa41fc105ea38b4483f.jpg" }
{ "_id" : { "$oid" : "5493b85e8fbf84ed69b43548" }, "type" : "t", "title" : "俄罗斯16万人军演威慑中国 双方关系藏玄机", "summary" : "据俄罗斯媒体报道，由于俄罗斯与西方关系持续恶化，俄罗斯的重点放在深化其“亚洲支点”——中国的关系", "img" : { "url" : "http://file.apicloud.com/mcm/A6963171435927/2200c8921be42ee2102e7b9caa6a9d16.jpg", "name" : "46.jpg", "id" : "5493b8ad359e80f0699033d7" }, "content" : " 据俄罗斯媒体报道，由于俄罗斯与西方关系持续恶化，俄罗斯的重点放在深化其“亚洲支点”——中国的关系。但中俄关系有很大玄机。报道称，俄罗斯在远东地区举行了一场涉及16万部队规模宏大的军事演习，目的却是为了威慑中国。【环球军事报道】据俄罗斯《莫斯科时报》2014年12月18日 报道，由于俄罗斯与西方关系持续恶化，俄罗斯的重点放在深化其“亚洲支点”——中国的关系。中俄两国有着许多关键的共同利益，如天然气。在5月份，普京访问中国，和中国签下了一项30年4000亿美元的天然气合同。不光如此，中俄两国的军事贸易也十分频繁。中俄两国不但经常进行联合演习，而且俄罗斯长期出售各类先进武器给中国，从20世纪90年代直到21世纪初，中国成为了俄罗斯最关键的武器客户，帮助俄罗斯武器工业度过了苏联解体后的“严寒”。而最近，中俄武器贸易因为苏35战斗机和S400防空导弹又重新成为了众人关注的焦点。", "from" : "搜狐新闻", "source" : null, "pics" : null, "date" : "2014-12-19", "createdAt" : { "$date" : "2014-12-19T13:32:14.180+0800" }, "updatedAt" : { "$date" : "2014-12-19T13:49:03.676+0800" }, "tabBar(uz*R*id)" : "548ec1f272c60e937d21c8cf" }
{ "_id" : { "$oid" : "5493bb7c359e80f0699034eb" }, "type" : "t", "title" : "伊春空难机长责任事故获刑3年 曾致44人遇难", "summary" : "法制晚报讯(记者王巍)今天，伊春空难案机长齐全军在黑龙江省伊春市伊春区人民法院接受宣判", "img" : { "url" : "http://file.apicloud.com/mcm/A6963171435927/2dc7012bc4ee585191aed86b280fa107.jpg", "name" : "47.jpg", "id" : "5493bc29a4bec1ef696c720c" }, "content" : "法制晚报讯(记者王巍)今天，伊春空难案机长齐全军在黑龙江省伊春市伊春区人民法院接受宣判。2010的伊春空难中，有44人遇难。事发后，齐全军被以涉嫌涉嫌重大飞行事故罪起诉，这是中国首例飞行员被指控重大飞行事故罪的案件。作为中国飞行员入刑第一案，该案受到国际民航组织及最高院高度关注。上午九点钟，法院宣判齐全军有期徒刑3年。", "from" : "搜狐新闻", "source" : null, "pics" : null, "date" : "2014-12-19", "createdAt" : { "$date" : "2014-12-19T13:45:32.348+0800" }, "updatedAt" : { "$date" : "2014-12-19T13:49:16.039+0800" }, "tabBar(uz*R*id)" : "548ec1f272c60e937d21c8cf" }
