{ "_id" : { "$oid" : "548ec1e708d4718e7d771bbe" }, "name" : "首页", "createdAt" : { "$date" : "2014-12-15T19:11:35.700+0800" }, "updatedAt" : { "$date" : "2014-12-15T19:11:35.700+0800" } }
{ "_id" : { "$oid" : "548ec1f272c60e937d21c8cf" }, "name" : "新闻", "createdAt" : { "$date" : "2014-12-15T19:11:46.219+0800" }, "updatedAt" : { "$date" : "2014-12-15T19:11:46.219+0800" } }
{ "_id" : { "$oid" : "548ec20b72c60e937d21c8d0" }, "name" : "生活", "createdAt" : { "$date" : "2014-12-15T19:12:11.823+0800" }, "updatedAt" : { "$date" : "2014-12-15T19:12:11.823+0800" } }
{ "_id" : { "$oid" : "548ec21308d4718e7d771bbf" }, "name" : "活动", "createdAt" : { "$date" : "2014-12-15T19:12:19.522+0800" }, "updatedAt" : { "$date" : "2014-12-15T19:12:19.522+0800" } }
{ "_id" : { "$oid" : "548ec21a72c60e937d21c8d1" }, "name" : "我", "createdAt" : { "$date" : "2014-12-15T19:12:26.422+0800" }, "updatedAt" : { "$date" : "2014-12-15T19:12:26.422+0800" } }
