{ "_id" : { "$oid" : "549140ae2c1ea1461e338b87" }, "name" : "火锅", "createdAt" : { "$date" : "2014-12-17T16:37:02.754+0800" }, "updatedAt" : { "$date" : "2014-12-19T15:00:48.048+0800" }, "actSum" : "1", "merSum" : "2", "category" : "1" }
{ "_id" : { "$oid" : "549140c32c1ea1461e338b88" }, "name" : "自助餐", "createdAt" : { "$date" : "2014-12-17T16:37:23.917+0800" }, "updatedAt" : { "$date" : "2014-12-19T15:00:47.447+0800" }, "actSum" : "2", "merSum" : "2", "category" : "1" }
{ "_id" : { "$oid" : "549309ab359e80f0698ff759" }, "name" : "国营", "actSum" : "0", "merSum" : "2", "category" : "2", "createdAt" : { "$date" : "2014-12-19T01:06:51.809+0800" }, "updatedAt" : { "$date" : "2014-12-19T15:00:46.658+0800" } }
{ "_id" : { "$oid" : "549309bb11153af26945c510" }, "name" : "私营", "actSum" : "0", "merSum" : "2", "createdAt" : { "$date" : "2014-12-19T01:07:07.687+0800" }, "updatedAt" : { "$date" : "2014-12-19T15:00:41.963+0800" }, "category" : "2" }
{ "_id" : { "$oid" : "54930b2511153af26945c5b7" }, "name" : "a", "actSum" : "0", "merSum" : "2", "createdAt" : { "$date" : "2014-12-19T01:13:09.209+0800" }, "updatedAt" : { "$date" : "2014-12-19T15:00:41.033+0800" }, "category" : "3" }
{ "_id" : { "$oid" : "54930eb211153af26945c749" }, "name" : "b", "actSum" : "0", "merSum" : "2", "category" : "3", "createdAt" : { "$date" : "2014-12-19T01:28:18.587+0800" }, "updatedAt" : { "$date" : "2014-12-19T15:00:48.689+0800" } }
{ "_id" : { "$oid" : "5493885211153af26945f6db" }, "name" : "自驾游", "actSum" : "2", "merSum" : "0", "category" : "4", "createdAt" : { "$date" : "2014-12-19T10:07:14.815+0800" }, "updatedAt" : { "$date" : "2014-12-19T10:19:22.433+0800" } }
{ "_id" : { "$oid" : "549388898fbf84ed69b42134" }, "name" : "跟团游", "actSum" : "2", "merSum" : "0", "category" : "4", "createdAt" : { "$date" : "2014-12-19T10:08:09.967+0800" }, "updatedAt" : { "$date" : "2014-12-19T10:19:20.785+0800" } }
