{ "_id" : { "$oid" : "548fd6bc72c60e937d21c8f2" }, "createdAt" : { "$date" : "2014-12-16T14:52:44.956+0800" }, "updatedAt" : { "$date" : "2014-12-18T10:36:46.118+0800" }, "realm" : null, "username" : "11", "password" : "$2a$10$5XRTg4Z2khvgVc/VclAoJu.tTS/N08R9XjbyfQXh5OuhFBsqh6jvG", "email" : null, "emailVerified" : null, "verificationToken" : null, "credentials" : [], "challenges" : [], "status" : null }
{ "_id" : { "$oid" : "5493033911153af26945c24f" }, "createdAt" : { "$date" : "2014-12-19T00:39:21.657+0800" }, "updatedAt" : { "$date" : "2014-12-19T00:39:21.657+0800" }, "realm" : null, "username" : "11111", "password" : "$2a$10$c.eS2gnvAXk1M4XNb.LgKOG1FNaeOVolnOg/6KRHQGdkvbAnA942q", "email" : null, "emailVerified" : null, "verificationToken" : null, "credentials" : [], "challenges" : [], "status" : null }
{ "_id" : { "$oid" : "5493f4e48fbf84ed69b457c4" }, "createdAt" : { "$date" : "2014-12-19T17:50:28.801+0800" }, "updatedAt" : { "$date" : "2014-12-19T18:48:36.842+0800" }, "realm" : null, "username" : "iii", "password" : "$2a$10$UkMtGreFqcbPAvbJUHXnSeA8WOGN1tXW2jlbvHRrXjt/OC3/2X3Pe", "email" : null, "emailVerified" : null, "verificationToken" : null, "credentials" : [], "challenges" : [], "status" : null, "nickname" : "APICloud" }
{ "_id" : { "$oid" : "5497b3e7ef0f3adc7d97763a" }, "createdAt" : { "$date" : "2014-12-22T14:02:15.257+0800" }, "updatedAt" : { "$date" : "2014-12-22T14:02:15.257+0800" }, "realm" : null, "username" : "111", "password" : "$2a$10$JTYlmlxHrOFeRQt2ZiNnxO7kCM.2MsSEwV.HawH.cjGl9/Hi0BXnK", "email" : null, "emailVerified" : null, "verificationToken" : null, "credentials" : [], "challenges" : [], "status" : null }
{ "_id" : { "$oid" : "5497b5f19946c06328f87157" }, "createdAt" : { "$date" : "2014-12-22T14:10:57.867+0800" }, "updatedAt" : { "$date" : "2014-12-22T14:10:57.867+0800" }, "realm" : null, "username" : "22", "password" : "$2a$10$.r/R7oBu7kTLyr0dY1y9POdItshU/dExD1t1X69Dd6rsSEbGlCRD2", "email" : null, "emailVerified" : null, "verificationToken" : null, "credentials" : [], "challenges" : [], "status" : null }
{ "_id" : { "$oid" : "549d1dcee103c74a4d1151fd" }, "createdAt" : { "$date" : "2014-12-26T16:35:26.612+0800" }, "updatedAt" : { "$date" : "2014-12-26T16:35:26.612+0800" }, "realm" : null, "username" : "1", "password" : "$2a$10$0PTbwneZiLnB6Vml7PTGtOQVkaImUlZGSiOKJFZZTHwbXQHBf9Agy", "email" : null, "emailVerified" : null, "verificationToken" : null, "credentials" : [], "challenges" : [], "status" : null }
